LASTNAME,FIRSTNAME,MIDNAME,BUSNAME,GENERAL,SPECIALTY,UPIN,NPI,DOB,ADDRESS,CITY,STATE,ZIP,EXCLTYPE,EXCLDATE,REINDATE,WAIVERDATE,WVRSTATE
,, ,"DAY'S HEALTHY LIVING PHARMACY,",OTHER BUSINESS,PHARMACY,,1861645061,,P O BOX 61,TIPTON,IN,46072,1128b8,20131219,20190125,0,
,, ,"DAY'S RX, INC",OTHER BUSINESS,PHARMACY,,1932167103,,P O BOX 61,TIPTON,IN,46072,1128b8,20131219,20190125,0,
,, ,"HUNTER BURNS CONSTRUCTION, LLC",GOVERNMENT CONTRACTO,OTHER CONTRACTOR,,0,,170 DOUGLAS FIR STREET,BOX ELDER,MT,59521,1128b1,20150920,20190109,0,
,, ,THE MEDICINE SHOPPE,OTHER BUSINESS,PHARMACY,,1932167103,,P O BOX 61,TIPTON,IN,46072,1128b8,20131219,20190125,0,
ABDOLLAHI,MITRA, ,,DENTAL PRACTICE,DENTIST,,1033329230,19660831.0,646 N SARATOGA DR,MOORESTOWN,NJ,5057,1128a1,20080918,20190109,0,
ANIFOWOSE,OLUFUNKE,RACHEL ,,EMPLOYEE - PRIVATE S,ADULT HOME,,0,19760212.0,9 BAILEY LANE,OWINGS MILLS,MD,21117,1128a2,20130919,20190109,0,
BELL,WILLIE, ,,IND- LIC HC SERV PRO,NURSE/NURSES AIDE,,0,19850905.0,210 W BLACKLIDGE DR,TUCSON,AZ,85705,1128b4,20141020,20190115,0,
BERMAN,LARRY,R ,,IND- LIC HC SERV PRO,DENTIST,,1326191347,19531214.0,P O BOX 4392,HIGHLAND PARK,NJ,8904,1128a1,20121220,20190115,0,
BLANTON,EBONY, ,,HOME HEALTH AGENCY,HEALTH CARE AIDE,,0,19790122.0,4312 PETITE COURT,PALMDALE,CA,93552,1128b4,20050220,20190122,0,
BLEVINS,CHARLES,ANTHONY ,,IND- LIC HC SERV PRO,THERAPIST,,0,19650615.0,7606 SUTTER HOME,SAN ANTONIO,TX,78253,1128a3,20061019,20190107,0,
BRENNAN,KEVIN,FRANCIS ,,IND- LIC HC SERV PRO,NURSE/NURSES AIDE,,1295828879,19560925.0,"1019 SUPERIOR STREET, APT 2",WATERTOWN,NY,13601,1128b4,20130620,20190115,0,
BROOKS,SHEILA,JEAN ,,IND- LIC HC SERV PRO,PODIATRY,,1467442871,19481003.0,P O BOX 690,BLUEFIELD,WV,24701,1128b4,20170119,20190115,0,
BRYANT,CANDICE,NICOLE ,,IND- LIC HC SERV PRO,NURSE/NURSES AIDE,,0,19900615.0,33 WARWICK ROAD,LITTLE ROCK,AR,72205,1128b4,20180620,20190107,0,
BURKE,JAMES,BENJAMIN ,,"MEDICAL PRACTICE, MD",FAMILY PRACTICE,E92292,1265616262,19560701.0,110 WOODHAVEN DRIVE,NATCHEZ,MS,39120,1128b4,20030520,20190122,0,
BURRELL,ANDREA,L ,,IND- LIC HC SERV PRO,NURSE/NURSES AIDE,,0,19790303.0,278 PINEDALE SHORES ROAD,JASPER,AL,35503,1128b4,20160120,20190107,0,
BUTLER,ROXANNE,M ,,IND- LIC HC SERV PRO,THERAPIST,,0,19720303.0,"23 FIRST AVENUE, BOX O",LAKE PLEASANT,MA,1347,1128b4,20060420,20190109,0,
CAMERON,CATHERINE,LYNNE ,,IND- LIC HC SERV PRO,NURSE/NURSES AIDE,,0,19821230.0,"100 GORDON LANE, LOT 244",GANSEVOORT,NY,12831,1128b1,20151020,20190109,0,
CARLSON,KERIANN,C ,,IND- LIC HC SERV PRO,NURSE/NURSES AIDE,,0,19780807.0,2147 EAST BORG DRIVE,SANDY,UT,84092,1128b4,20180118,20190109,0,
CARTER,LA'KEISHA,C ,,INTER CARE FACILITY,NURSE/NURSES AIDE,,0,19771008.0,206 ADEN PLACE,GREENSBORO,NC,27405,1128b4,19980520,20190109,0,
CASHMAN,COLIN,BRYCE ,,IND- LIC HC SERV PRO,NURSE/NURSES AIDE,,0,19750122.0,"1725 SOUTH CORONADO ROAD, UNIT",GILBERT,AZ,85295,1128b4,20150219,20190109,0,
CLARKE,KATRINA,S ,,NURSING PROFESSION,NURSE/NURSES AIDE,,0,19780907.0,2720 NE 5TH PLACE,CAPE CORAL,FL,33909,1128b4,20050818,20190109,0,
DAMASO,EMILIE, ,,ADULT HOME,OWNER/OPERATOR,,0,19590723.0,9979 DIVING DUCK AVENUE,LAS VEGAS,NV,89117,1128a2,20081020,20190122,0,
DAUZAT,COLEEN,MARIE ,,NURSING PROFESSION,NURSE/NURSES AIDE,,0,19701220.0,137 LIL RABBIT LANE,HESSMER,LA,71341,1128a2,19941108,20190109,0,
DENNIS,GREGORY,BRENT ,,IND- LIC HC SERV PRO,PSYCHOLOGY,,1972562221,19620324.0,2775 SACRED COURT,HENDERSON,NV,89052,1128b4,20180520,20190107,0,
DESECOTTIER,ANABEL,SAMORA ,,INDIVIDUAL (UNAFFILI,NO KNOWN AFFILIATION,,1811215825,19760604.0,4402 53RD STREET,LUBBOCK,TX,79414,1128a1,20131120,20190122,0,
DESECOTTIER,DAVID,DEAN ,,IND- LIC HC SERV PRO,PSYCHOLOGY,,1639494958,19680912.0,4402 53RD STREET,LUBBOCK,TX,79414,1128a1,20131120,20190122,0,
DOBBINS,RANDY,M ,,IND- LIC HC SERV PRO,NURSE/NURSES AIDE,,0,19690606.0,50 EUCLID AVENUE,RIVERSIDE,RI,2915,1128a4,20131219,20190109,0,
DUGGER,LISA,M ,,INDIVIDUAL (UNAFFILI,NO KNOWN AFFILIATION,,0,19590921.0,9813 GARDEN STREET,LENEXA,KS,66227,1128b14,19930609,20190131,0,
EMERSON,BARBARA,LYNN ,,HOSPITAL,NURSE/NURSES AIDE,,0,19720906.0,3923 SE 26TH STREET,OKEECHOBEE,FL,34974,1128b4,20040520,20190109,0,
EVANS,LINDA,W ,,MENTAL HEALTH FAC,SUPERVISOR/FOREMAN,,0,19670706.0,177 CAMELLIA PLACE,GRAMBLING,LA,71245,1128a2,20040920,20190109,0,
FIALLO,LUZ,G ,,DENTAL PRACTICE,DENTIST,,1942321765,19650501.0,212 S CORTEZ AVENUE,WINTER SPRINGS,FL,32708,1128b14,20010220,20190125,0,
GALT,JEFFREY,R ,,IND- LIC HC SERV PRO,CHIROPRACTIC,,1447356225,19560805.0,P O BOX 338,CARRINGTON,ND,58421,1128b14,20181220,20190111,0,
GARCIA-MORALES,NELIA,PATRICIA ,,IND- LIC HC SERV PRO,DENTIST,,0,19690806.0,"2395 E DEL MAR, #451795",LAREDO,TX,78045,1128a1,20130820,20190107,0,
GIVENS,LARRY, ,,"PHYSICIAN (MD, DO)",RADIOLOGY,,1306806617,19550803.0,2022 CAMERON CT,BARSTOW,CA,92311,1128b14,20181220,20190125,0,
GREEN,VICKEARA,LASHAWN ,,IND- LIC HC SERV PRO,NURSE/NURSES AIDE,,1508058330,19790903.0,864 BENNINGHAUS RD,BALTIMORE,MD,21212,1128b1,20140820,20190109,0,
GRIMES,SELENA, ,,NURSING PROFESSION,NURSE/NURSES AIDE,,0,19660121.0,700-B 2RD AVENUE,CONWAY,AR,72032,1128a2,19900123,20190107,0,
GROSSO,GINO, ,,"PHYSICIAN (MD, DO)",PSYCHIATRY,C25977,1063436491,19480829.0,214 OSBORN STREET,PHILADELPHIA,PA,19128,1128a4,20131219,20190109,0,
GRUDUS,EDWARD,MICHAEL ,,NURSING PROFESSION,NURSE/NURSES AIDE,,0,19630227.0,"432 E RICH STREET, UNIT 5B",COLUMBUS,OH,43215,1128b4,20071018,20190109,0,
HANDY,VELMA, ,,SKILLED NURSING FAC,NURSE/NURSES AIDE,,0,19620130.0,72 ALDINE STREET,ROCHESTER,NY,14619,1128a1,20071018,20190115,0,
HO,KENNY,CHUN-HUI ,,IND- LIC HC SERV PRO,PHARMACIST,,1487976213,19650403.0,41-19 249TH STREET,LITTLE NECK,NY,11363,1128b4,20150920,20190115,0,
HOFFPAUIR,TINA,BENDY ,,NURSING PROFESSION,NURSE/NURSES AIDE,,0,19650330.0,P O BOX 1031,CRYSTAL BEACH,TX,77650,1128b4,20070118,20190107,0,
HYATT,ANITA,LYNN ,,IND- LIC HC SERV PRO,NURSE/NURSES AIDE,,0,19590117.0,705 CEDAR COURT,CLEVELAND,OK,74020,1128b4,20150219,20190107,0,
JACKSON,CHARLES, JR,,IND- LIC HC SERV PRO,PODIATRY,,1760535926,19510204.0,820 N DALMONT STREET,HOBBS,NM,88240,1128b14,20181220,20190125,0,
JACKSON,TAINA, ,,IND- LIC HC SERV PRO,NURSE/NURSES AIDE,,0,19571207.0,222 WEST 12TH STREET,WEWOKA,OK,74884,1128a4,20130418,20190107,0,
JACOB,STEPHEN,CHALKO ,,"PHYSICIAN (MD, DO)",PAIN MANAGEMENT,,1700828795,19660702.0,"4515 OAK BROOK DRIVE, SE",SMYRNA,GA,30082,1128b4,20111120,20190122,0,
JERIDEAU,SAMUEL,LAMONT ,,IND- LIC HC SERV PRO,NURSE/NURSES AIDE,,1790719748,19720210.0,"621 E 99TH STREET, APT 12",INGLEWOOD,CA,90301,1128b4,20151119,20190107,0,
JOHNSON,SCOTTIE, ,,IND- LIC HC SERV PRO,NURSE/NURSES AIDE,,0,19711111.0,1995 HIGHWAY 315,WATER VALLEY,MS,38965,1128a3,20131120,20190109,0,
KIYANITSA,MARIA, ,,PHARMACY,TECHNICIAN,,0,19850619.0,"68 HIGH STREET, APT 204",PORTLAND,ME,4101,1128b4,20080220,20190109,0,
KIYANITSA,MARIA, ,,PHARMACY,TECHNICIAN,,0,19850619.0,"68 HIGH STREET, APT 204",PORTLAND,ME,4101,1128a3,20080918,20190109,0,
KUON,RALPH,G ,,"MEDICAL PRACTICE, MD",GENERAL PRACTICE,E23021,1780045898,19381122.0,5654 PICKERING AVENUE,WHITTIER,CA,90601,1128b4,20060720,20190109,0,
LAYMAN,GREG,O ,,HOSPITAL,NURSE/NURSES AIDE,,0,19631114.0,"1840 S GAFFEY STREET, #250",SAN PEDRO,CA,90731,1128b4,19960506,20190122,0,
LORBER,BURTON,EDWARD ,,IND- LIC HC SERV PRO,DENTIST,,1144367947,19580224.0,101 NEW CHALET DRIVE,MOHEGAN LAKE,NY,10128,1128b14,20181220,20190125,0,
MANNO,MICHAEL,S ,,CHIROPRACTIC PRACT,CHIROPRACTIC,,1356704738,19690514.0,140 ARNOT STREET,LODI,NJ,7644,1128a4,20031020,20190115,0,
MCNEILL,ROSALYN,TERESA ,,HOME HEALTH AGENCY,HEALTH CARE AIDE,,0,19730822.0,335 BUCKEYE DRIVE,RAEFORD,NC,28376,1128a1,20080220,20190115,0,
MEADOWS,MOLLY,DAWN ,,IND- LIC HC SERV PRO,NURSE/NURSES AIDE,,0,19810116.0,520 CONNIE LANE,INGRAM,TX,78025,1128b4,20160720,20190122,0,
MIKELADZE,RUSUDAN, ,,HOME HEALTH AGENCY,HEALTH CARE AIDE,,0,19530101.0,16 HILO LANE,NEW PALTZ,NY,12561,1128a1,20080520,20190115,0,
MUMFORD,AMANDA,DENISE ,,IND- LIC HC SERV PRO,NURSE/NURSES AIDE,,0,19850729.0,21280 GILCHREST ST,WAGRAM,NC,28396,1128b4,20160320,20190109,0,
SABOT,THEODORE,J ,,"PHYSICIAN (MD, DO)",GENERAL PRACTICE,A99128,1003146788,19380829.0,23 WALDEN LANE,PITTSFIELD,MA,1201,1128a1,20030820,20190109,0,
SABOT,THEODORE, ,,"PHYSICIAN (MD, DO)",GENERAL PRACTICE,,1003146788,19380829.0,23 WALDEN LANE,PITTSFIELD,ME,1201,1128a1,19850701,20190109,0,
SMITH,BELINDA,A ,,NURSING PROFESSION,NURSE/NURSES AIDE,,0,19631226.0,"70N GROVE STREET, APT 1R",FREEPORT,NY,11530,1128b4,20001019,20190115,0,
SMITH,EMILIE,DAWN ,,IND- LIC HC SERV PRO,NURSE/NURSES AIDE,,0,19830829.0,331 MARY STREET,DOWNINGTOWN,PA,19335,1128b4,20170720,20190109,0,
STONEKING,DANIEL,K ,,IND- LIC HC SERV PRO,NURSE/NURSES AIDE,,0,19820925.0,2407 SUNRISE STREET,KELSO,WA,98626,1128b4,20150319,20190122,0,
TAYLOR,DULCIE,P ,,NURSING PROFESSION,NURSE/NURSES AIDE,,0,19731027.0,385 PROSPECT STREET,BARRE,VT,5641,1128b4,20060720,20190109,0,
THAI,PHUONG,UYEN CHRISTINE ,,DENTAL PRACTICE,DENTIST,,1659380335,19690306.0,2000 CLUB LAKE CIRCLE,ROCKWALL,TX,75087,1128a1,20091220,20190107,0,
THOMAS,SHIJU,A ,,IND- LIC HC SERV PRO,NURSE/NURSES AIDE,,0,19800630.0,2002 PARK AVENUE,EAST MEADOW,NY,11554,1128a1,20131219,20190109,0,
TIJERINA,ANNA,LUISA ,,HOSPITAL,NURSE/NURSES AIDE,,0,19761201.0,404 S DOGWOOD STREET,PHARR,TX,78577,1128b4,20050920,20190107,0,
VARRICHIO-PRINE,DOREEN, ,,IND- LIC HC SERV PRO,NURSE/NURSES AIDE,,1033301999,19540105.0,32 KETCHAM AVENUE,HICKSVILLE,NY,11801,1128a1,20131219,20190109,0,
WASHAM,AMY,RENEE ,,IND- LIC HC SERV PRO,NURSE/NURSES AIDE,,0,19740604.0,725 GARDEN GROVE,YUKON,OK,73099,1128b4,20120719,20190107,0,
WAY,CHARLES,F ,,"PHYSICIAN (MD, DO)",FAMILY PRACTICE,,0,19540924.0,112 DEER DRIVE,GREENVILLE,SC,29611,1128a1,20120820,20190109,0,
WHARTON,LAURA,CHRISTINE ,,MENTAL HEALTH FAC,HEALTH CARE AIDE,,0,19740219.0,10 RUBY JUNE STREET,VILONIA,AR,72173,1128a2,19991020,20190107,0,
WILLIAMS,DEANNA,LOUISE ,,BUS OWNER/EXEC,PHYSICIAN PRACTICE (,,0,19631105.0,3320 NORCREST DRIVE,OKLAHOMA CITY,OK,73121,1128a1,20131219,20190122,0,
AMOS,PATRICIA,ANN ,,BUS OWNER/EXEC,HOME HEALTH AGENCY,,0,19640506.0,"818 WEST NAOMI AVE, #8",ARCADIA,CA,91007,1128a1,20140220,20190221,0,
CAREY,KAREN, ,,SKILLED NURSING FAC,NURSE/NURSES AIDE,,0,19810101.0,508 E CHURCH STREET,CHAMPAING,IL,61820,1128a2,20010520,20190214,0,
CARLOS,AMANDA,CORDELIA ,,NURSING PROFESSION,NURSE/NURSES AIDE,,0,19781004.0,9180 EARL FIELDS CIRCLE,NORTHPORT,AL,35473,1128b4,20090319,20190212,0,
CASTRO-BETANCES,GERALDO, ,,"PHYSICIAN (MD, DO)",GENERAL PRACTICE,I52572,1154382620,19630218.0,1022 FRIENDSHIP STREET,PHILADELPHIA,PA,19111,1128a3,20140420,20140420,0,
COOK,DEBORAH,LYNN ,,IND- LIC HC SERV PRO,PODIATRY,,1568577971,19590710.0,39 CORNELL ROAD,HEBRON,OH,43025,1128a4,20170119,20170119,0,
FREAND,MELISSA,ANN ,,NURSING PROFESSION,NURSE/NURSES AIDE,,0,19730302.0,1804 LEWISTON STREET,COTTONWOOD,ID,83522,1128b4,20080320,20190208,0,
GALBREATH,LISA,LOUISE ,,PRIVATE CIT/ENTITY,HEALTH CARE AIDE,,0,19850107.0,246 PROVIDENCE BLVD,CARMEL,IN,46032,1128a1,20110620,20190208,0,
MALAKE,KRISTEN,LEE ,,PRIVATE CIT/ENTITY,SOCIAL WORKER,,0,19731023.0,2221 NOAH AVENUE,NORWALK,IA,50211,1128b4,20040318,20190208,0,
MCELWEE,KATHERINE,IRENE POWELL BA,,NURSING PROFESSION,NURSE/NURSES AIDE,,0,19780503.0,10833 NE 18TH STREET,OKLAHOMA CITY,OK,73141,1128b4,20080520,20190226,0,
MEEHAN,KATHLEEN,A ,,IND- LIC HC SERV PRO,DENTIST,,1245445931,19691118.0,1116 BENNETT DRIVE,WOODBURY,NJ,8096,1128b14,20181220,20190221,0,
MONCRIEF,DOUGLAS,BARRETT ,,NURSING PROFESSION,NURSE/NURSES AIDE,,0,19651210.0,"1800 POST ROAD, APT 1414",SAN MARCOS,TX,78666,1128b4,20070419,20190212,0,
NASSET,GRACIE,MAXINE ,,INDIVIDUAL (UNAFFILI,RECIPT/BENEFICIARY,,0,19440618.0,8140 JUDETTE AVENUE,SACRAMENTO,CA,95828,1128a1,20110220,20190214,0,
ROBERTSON,MICHAEL,L ,,NURSING PROFESSION,NURSE/NURSES AIDE,,0,19710515.0,5009 JOE LANE,NAMPA,ID,83687,1128b4,20081020,20190214,0,
ROTHSTEIN,JANELLE,VELVIE ,,IND- LIC HC SERV PRO,NURSE/NURSES AIDE,,0,19850415.0,31 LAKEVIEW DRIVE,RUSSELLVILLE,AL,35653,1128b4,20161220,20190208,0,
SUTHERLAND,SHANNON,LOUISE ,,NURSING PROFESSION,NURSE/NURSES AIDE,,0,19710223.0,1113 E 14TH AVENUE,SPOKANE,WA,99202,1128b4,20040420,20190205,0,
UTT,JUDI, ,,IND- LIC HC SERV PRO,NURSE/NURSES AIDE,,0,19520511.0,201 S SHAWNEE AVE,DEWEY,OK,74029,1128b4,20130320,20190212,0,
VARDA,ANN,ELIZABETH ,,NURSING PROFESSION,NURSE/NURSES AIDE,,0,19571127.0,"33 5TH AVENUE, SE",CHISHOLM,MN,55719,1128a1,20040819,20190208,0,
VARDA,ANNE,ELIZABETH ,,HOME HEALTH AGENCY,NURSE/NURSES AIDE,,0,19571127.0,"33 5TH AVENUE, SE",CHISHOLM,MN,55719,1128b4,20011018,20190208,0,
WILLIS,ADAM,C ,,CHIROPRACTIC PRACT,CHIROPRACTIC,U50062,0,19650218.0,"2380 WORLD PARKWAY BLVD, #20",CLEARWATER,FL,33763,1128b14,19970101,20190221,0,
WILSON,CHANEL,LENISE ,,IND- LIC HC SERV PRO,NURSE/NURSES AIDE,,1164661278,19730116.0,1872 LAMPSON ROAD,CLEVELAND,OH,44112,1128a1,20140220,20190221,0,
ACHOBE,ISAAC,SIMEON ,,PHARMACY,PHARMACIST,,0,19550905.0,8218 ASH GARDEN COURT,HOUSTON,TX,77083,1128a4,20070320,20190320,0,
ALHATOU,MOHAMMED, ,,"PHYSICIAN (MD, DO)",NEUROLOGY,,1124057245,19691212.0,1089 MOORE ROAD,ORANGEBURG,SC,29118,1128a4,20190320,20190320,0,
ANDERSON,PATRICIA, ,,IND- LIC HC SERV PRO,OPTOMETRY,,1063601128,19600607.0,2051 E TRIANGLE DR,LONGWOOD,FL,32779,1128b14,20181220,20190308,0,
ARONSON,JESSICA,RENEE ,,IND- LIC HC SERV PRO,NURSE/NURSES AIDE,,0,19810113.0,2171 PILOT CREEK COURT,GOLD RIVER,CA,95670,1128b4,20140720,20190307,0,
AWASUM,JEANNETTE,NECK ,,BUS OWNER/EXEC,HOME HEALTH AGENCY,,0,19640209.0,19331 LIBERTY MILL ROAD,GERMANTOWN,MD,20874,1128b2,20140520,20190307,0,
BALLAM,RICHARD,G ,,IND- LIC HC SERV PRO,PHARMACIST,,0,19550606.0,871 CANTERBURY DR,LOGAN,UT,84321,1128b4,20150820,20190307,0,
BARRAZA,EDWARD,LEE ,,IND- LIC HC SERV PRO,NURSE/NURSES AIDE,,0,19610426.0,"357 COLLINGWOOD ST, APT 2",SAN FRANCISCO,CA,94114,1128b4,20130418,20190306,0,
BENNETT,DEREK,KEVIN ,,COUNSELING CENTER,COUNSELOR,,0,19620728.0,2547 W 8 MILE,DETROIT,MI,48203,1128a1,20000920,20190320,0,
BUIKEMA,JANE,N ,,NURSING PROFESSION,NURSE/NURSES AIDE,,0,19610827.0,315 ADA STREET,ROCK FALLS,IL,61071,1128a4,20110720,20190318,0,
CASTANEDA,JONNA,SUE ,,IND- LIC HC SERV PRO,NURSE/NURSES AIDE,,0,19770512.0,12200 US HIGHWAY 59 S,MARSHALL,TX,75672,1128a3,20140320,20190320,0,
CROWE,JENNIFER,C ,,IND- LIC HC SERV PRO,NURSE/NURSES AIDE,,0,19850101.0,"54 MILLER STREET, APT B",BELFAST,ME,4915,1128b4,20161220,20190313,0,
DAMBERG,KAREN, ,,IND- LIC HC SERV PRO,NURSE/NURSES AIDE,,1124250014,19631220.0,19334 COUNT 86,LONG PRAIRIE,MN,56347,1128b4,20120719,20190301,0,
DAMON,JENNIE,E ,,IND- LIC HC SERV PRO,NURSE/NURSES AIDE,,0,19830807.0,1526 CORTLAND STREET,DERUYTER,NY,13052,1128a2,20121220,20190313,0,
DEGUZMAN,DAISY,G ,,"PHYSICIAN (MD, DO)",INTERNAL MEDICINE,D92516,1699865097,19430128.0,285 HOMEWARD WAY,HENDERSON,NV,89011,1128a1,20140220,20190313,0,
DRAPER,SPENCER,W ,,HOSPITAL,NURSE/NURSES AIDE,,0,19740328.0,694 SOUTH 150 WEST,HYDE PARK,UT,84318,1128b4,20061019,20190320,0,
DUNCAN,AARON,LEE ,,IND- LIC HC SERV PRO,NURSE/NURSES AIDE,,0,19760922.0,"3300 PINE HURST TRAIL, APT 350",FORT WORTH,TX,76137,1128b4,20150618,20190320,0,
ELKINS,ROY,STEPHEN ,,IND- LIC HC SERV PRO,NURSE/NURSES AIDE,,0,19610714.0,21646 BELGIAN COURT,MOUNT DORA,FL,32757,1128b4,20140520,20190319,0,
GODFREY,KIMBERLY, ,,OSTEOPATHIC PRAC,OSTEOPATHY,G93994,1457393340,19591102.0,116 LAMOREE RD,RHINEBECK,NY,12572,1128b4,20091220,20190313,0,
GONZALES,ROSALIE, ,,IND- LIC HC SERV PRO,NURSE/NURSES AIDE,,0,19690825.0,"5757 N SHERIDAN, UNIT 11H",CHICAGO,IL,60660,1128a1,20140220,20190318,0,
GOROVITS,LILIA, ,,"PHYSICIAN (MD, DO)",FAMILY PRACTICE,G44222,1427163427,19580420.0,1157 METTLER ROAD,HUNTINGDON VALLEY,PA,19006,1128b2,20161020,20190307,0,
GRIFFITHS,WILLIAM,ANTHONY ,,IND- LIC HC SERV PRO,NURSE/NURSES AIDE,,0,19830612.0,300 S SHAMOKIN STREET,SHAMOKIN,PA,17872,1128b4,20170720,20190307,0,
HASHEMI,KEYVAN, ,,IND- LIC HC SERV PRO,DENTIST,,0,19610521.0,"20780 4TH STREET, APT 1",SARATOGA,CA,95070,1128b14,20161020,20190318,0,
HEBB,SONJA,M ,,NURSING PROFESSION,NURSE/NURSES AIDE,,0,19641127.0,"331 CHAPMAN AVE, APT 3",ELKHART,IN,46516,1128a2,20010220,20190318,0,
HILTON,NASYA,K ,,NURSING PROFESSION,NURSE/NURSES AIDE,,0,19701114.0,"1804 VICKI LANE, #12",NORFOLK,NE,68701,1128b4,20101020,20190319,0,
ISRAEL,ALAN,H ,,BUS OWNER/EXEC,ASSISTED LIVING FACI,,0,19441108.0,7655 N 71ST STREET,PARADISE VALLEY,AZ,85253,1128b1,20170220,20190301,0,
KANIA,RAMESH, ,,"PHYSICIAN (MD, DO)",INTERNAL MEDICINE,D96941,1235158403,19521214.0,5 BROWN COURT,LIVINGSTON,NJ,7039,1128a1,20140120,20190307,0,
KIRKPATRICK,REBECCA,JEANETTE ,,IND- LIC HC SERV PRO,TECHNICIAN,,0,19780827.0,343 S PARKWEST STREET,PORTERVILLE,CA,93257,1128b4,20160218,20190307,0,
LE,KENNETH,N ,,IND- LIC HC SERV PRO,PHARMACIST,,1578716221,19581026.0,82720 HAMILTON COURT,INDIO,CA,92201,1128b14,20170620,20190320,0,
LEWIS,CERISE,DIONE ,,EMPLOYEE - PRIVATE S,HOME HEALTH AGENCY,,0,19720620.0,3181 BERWICK KNOLL,BROOKLYN PARK,MN,55443,1128a1,20140320,20190320,0,
MASON,SARAH, ,,IND- LIC HC SERV PRO,NURSE/NURSES AIDE,,0,19611024.0,1600 B W AMOS DRIVE,COLUMBIA,MO,65203,1128b4,20130220,20190315,0,
MCDANIEL,HEATHER,L ,,IND- LIC HC SERV PRO,PHARMACY TECHNICIAN,,0,19770101.0,6840 OLD COLLINSVILLE ROAD,O FALLON,IL,62269,1128a1   ,20130520,20190306,0,
MCMILLAN,KRIS,PHILLIP ,,PHARMACY,TECHNICIAN,,0,19660903.0,275 WALSH CIRCLE,YORKVILLE,IL,60560,1128b4,20010320,20190318,0,
MELTZER,SCOTT,M ,,IND- LIC HC SERV PRO,DENTIST,,1366561425,19640104.0,"5011 RUSSELL STREET, APT",MIDLAND,MI,48640,1128b4,20140320,20190318,0,
MYLES,JEANIE,WOMACK ,,IND- LIC HC SERV PRO,NURSE/NURSES AIDE,,0,19700710.0,421 6TH STREET,JONESBORO,LA,71251,1128a1,20120320,20190315,0,
NEWSHAM,DAVID,ANTHONY ,,IND- LIC HC SERV PRO,DENTIST,,1861593899,19620419.0,1735 N RIVERSIDE AVE,RIALTO,CA,92376,1128b14,20181220,20190308,0,
NGATIA,GLADYS,MUTHONI ,,IND- LIC HC SERV PRO,NURSE/NURSES AIDE,,0,19861229.0,20231 RED BUCKEYE COURT,GERMANTOWN,MD,20876,1128a1,20140120,20190318,0,
NGATIA,HELLEN,NJERI ,,IND- LIC HC SERV PRO,NURSE/NURSES AIDE,,0,19670206.0,20231 REDBUCKEYE COURT,GERMANTOWN,MD,20876,1128a1,20140120,20190312,0,
PALAFOX,LETICIA, ,,INDIVIDUAL (UNAFFILI,NO KNOWN AFFILIATION,,0,19680923.0,14951 BERG STREET,SYLMAR,CA,91342,1128a1,20130820,20190318,0,
PEARSON,HAYWOOD,L ,,DENTAL PRACTICE,DENTIST,,0,19550104.0,1518 PERRY STREET,RICHMOND,VA,23224,1128b14,19970302,20190308,0,
PEREZ,ROBBYE,RENEE ,,IND- LIC HC SERV PRO,NURSE/NURSES AIDE,,0,19700604.0,709 WOODED CREST DRIVE,WOODWAY,TX,76712,1128a3,20140220,20190320,0,
PETERSON,KAREN,MARIE ,,IND- LIC HC SERV PRO,NURSE/NURSES AIDE,,0,19740904.0,"17017 N 12TH STREET, UNIT 2065",PHOENIX,AZ,85022,1128b4,20150120,20190322,0,
RAMIREZ,ROBERTO,JR ,,DENTAL PRACTICE,DENTIST,,0,19680125.0,367 CHICOTE ROAD,LAREDO,TX,78045,1128b6   ,20061221,20190318,0,
RANDOLPH,AISHA,W ,,INDIVIDUAL (UNAFFILI,NO KNOWN AFFILIATION,,0,19780428.0,9907 MAIDBROOK ROAD,PARKVILLE,MD,21234,1128b1,20140820,20190312,0,
ROBBINS,STEPHANIE,LOUISE ,,NURSING PROFESSION,NURSE/NURSES AIDE,,0,19600316.0,8666 DOVER ROAD,SHELBYVILLE,KY,40065,1128b4,20040520,20190318,0,
RYAN,BETH,ANN ,,NURSING PROFESSION,NURSE/NURSES AIDE,,0,19590401.0,"9125 E PURDUE AVE, UNIT 11",SCOTTSDALE,AZ,85258,1128b4,20081120,20190307,0,
SHINAS,ANASTASIA, ,,IND- LIC HC SERV PRO,NURSE/NURSES AIDE,,0,19780520.0,"7805 WATERFORD SQUARE DRIVE, A",CHARLOTTE,NC,28226,1128b4,20121018,20190307,0,
SICILIANO,ANTONIA, ,,IND- LIC HC SERV PRO,OPTOMETRY,,1568655975,19721007.0,"150 PARKWAY N, APT 1A",YONKERS,NY,10704,1128b14,20181220,20190308,0,
STAW,IGAL, ,,"MEDICAL PRACTICE, MD",INTERNAL MEDICINE,B38323,1013901602,19380129.0,35 STONYBROOK RD,WESTPORT,CT,6880,1128a1   ,20081120,20190307,0,
TAYLOR,VALERIE,JOCELYN ,,PHARMACY,TECHNICIAN,,0,19860504.0,"113 SISSON ROAD, UNIT A",HARWICH PORT,MA,2646,1128b4,20100120,20190315,0,
TIMBO,ABDULAI,W ,,IND- LIC HC SERV PRO,NURSE/NURSES AIDE,,0,19640505.0,"7815 LEWIS CHAPEL CIRCLE, #103",LORTON,VA,22079,1128a2,20131120,20190312,0,
TOLL,NICOLE,ANNE ,,IND- LIC HC SERV PRO,NURSE/NURSES AIDE,,0,19721217.0,313 MERRIWETHER DRIVE,LAWRENCEBURG,KY,40342,1128b4,20120920,20190318,0,
TUCKER,BRET, ,,IND- LIC HC SERV PRO,DENTIST,,1962671495,19581210.0,2356 SCENIC DRIVE,SALT LAKE CITY,UT,84109,1128b14,20140420,20190313,0,
URBINA,SUSANA,A ,,IND- LIC HC SERV PRO,NURSE/NURSES AIDE,,0,19770822.0,3371 BALTIC AVE,LONG BEACH,CA,90810,1128b4,20130820,20190307,0,
VINCENT,DRAKE,GLEN ,,"PHYSICIAN (MD, DO)",SURGERY,,1477686582,19701021.0,6710 S BLACKSTONE RD,SALT LAKE CITY,UT,84121,1128b4,20160218,20190307,0,
WHITE,PATRICIA, ,,NURSING PROFESSION,NURSE/NURSES AIDE,,0,19730422.0,532 MEADOWS PLACE,MADISON,MS,39110,1128b4,20001120,20190315,0,
ALLEN,JOHN,STEVEN ,,IND- LIC HC SERV PRO,OPTOMETRY,,1871699173,19580608.0,P O BOX 3063,KINGSFORD,MI,49802,1128b14,20171019,20190403,0,
ANDERSON,JULIE,M ,,NURSING PROFESSION,NURSE/NURSES AIDE,,0,19650331.0,1027 N WASHINGTON STREET,DANVILLE,IN,46122,1128b4,20051220,20190404,0,
ANDERSON,KAREN,A ,,NURSING PROFESSION,NURSE/NURSES AIDE,,0,19580325.0,521 NEW ORLEANS ST,HATTIESBURG,MS,39401,1128b4,20080619,20190418,0,
ARNDT,ERIN,MCCALL ,,IND- LIC HC SERV PRO,NURSE/NURSES AIDE,,0,19770510.0,3767 MOUNT MEEKER ST,WELLINGTON,CO,80549,1128b4,20181120,20190405,0,
ASKEW,TRIDNEY,KENESHA ,,IND- LIC HC SERV PRO,NURSE/NURSES AIDE,,0,19910111.0,"3268 NE 48TH TERRACE, APT 3",SILVER SPRINGS,FL,34488,1128a4,20130820,20190418,0,
BAKER,ROBERT,S ,,"MEDICAL PRACTICE, MD",OPHTHALMOLOGY,F96572,0,19510116.0,2180 WESTMONT COURT,LEXINGTON,KY,40513,1128a3,20070719,20190416,0,
BALD,FRANCIS,ARTHUR ,,IND- LIC HC SERV PRO,DENTIST,,0,19541219.0,501 PINTE VISTA DRIVE,ELIZABETH CITY,NC,27909,1128a1,20140420,20190422,0,
BARRETT,DONNA,M ,,MENTAL HEALTH FAC,EMPLOYEE,,0,19590127.0,152 FISH STREET,ATHOL,ME,1331,1128a1,20030520,20190422,0,
BEALL,NOLAN,PECK ,,IND- LIC HC SERV PRO,NURSE/NURSES AIDE,,0,19800716.0,"1045 11TH AVENUE, N",ST PETERSBURG,FL,33705,1128b4,20150820,20190418,0,
BLACKWELL,KELLI, ,,IND- LIC HC SERV PRO,NURSE/NURSES AIDE,,0,19771002.0,110 MEADOWVIEW RIDGE,BRANDON,MS,39047,1128b4,20130418,20190418,0,
BORJAS,GUSTAVO,E ,,IND- LIC HC SERV PRO,NURSE/NURSES AIDE,,0,19710306.0,12996 SW 218TH TERRACE,MIAMI,FL,33170,1128a4,20140420,20190422,0,
CAIN,MEGAN,A ,,IND- LIC HC SERV PRO,NURSE/NURSES AIDE,,0,19781019.0,17 CLAY HILL ROAD,CLAREMONT,NH,3743,1128b4,20160218,20190422,0,
CAMPS,ELAINE, ,,IND- LIC HC SERV PRO,TECHNICIAN,,0,19750922.0,8740 SW 124TH STREET,MIAMI,FL,33176,1128a1,20140120,20190419,0,
CANSLOR,FLORA,ANN ,,SKILLED NURSING FAC,NURSE/NURSES AIDE,,0,19501218.0,2219 7TH STREET,CLARKSDALE,MS,38614,1128a2,20020718,20190418,0,
CARDOSO,LUCIO, SR,,"PHYSICIAN (MD, DO)",INTERNAL MEDICINE,F24978,1639119019,19580623.0,25 EXTON AVENUE,NORTH ARLINGTON,NJ,7031,1128a1,20140120,20190416,0,
CIACCIA,MICHAEL,J ,,HOSPITAL,NURSE/NURSES AIDE,,0,19720818.0,"717 N SHIPPEN ST, #2",LANCASTER,PA,17602,1128b4,20001019,20190416,0,
CONLEY,CAROL,A ,,NURSING PROFESSION,NURSE/NURSES AIDE,,0,19440807.0,"162 AVENUE E, SW",WINTER HAVEN,FL,33880,1128b4,20060320,20190418,0,
CULLINS,SUZETTE,LUCILLE ,,"MEDICAL PRACTICE, MD",SURGERY,F82572,0,19610913.0,"3283 EDGEWOOD AVENUE, W",JACKSONVILLE,FL,32209,1128a4,20070820,20190418,0,
CURTIS,JANE,R ,,NURSING PROFESSION,NURSE/NURSES AIDE,,0,19771207.0,"63 COMMONWEALTH ROAD, UNIT 1",WATERTOWN,MA,2472,1128a4,20110818,20190419,0,
DO,KEVIN,TIEN ,,"MEDICAL PRACTICE, MD",GENERAL PRACTICE,G01147,0,19651025.0,4028 SUNSWEPT DIRVE,STUDIO CITY,CA,91604,1128a1,20040318,20190410,0,
DOE,BENETTA, ,,HOSPITAL,NURSE/NURSES AIDE,,0,19620616.0,535B DEXTER ST,PROVIDENCE,RI,2907,1128b4,20060320,20190405,0,
DOYLE,BRIAN,LAMONT ,,DME COMPANY,SALES/MARKET/RETAIL,,0,19750104.0,1141 CORNISH STREET,AIKEN,SC,29801,1128a1,20031120,20190416,0,
DRENNEN,KIMBERLY,ANN ,,IND- LIC HC SERV PRO,NURSE/NURSES AIDE,,0,19630818.0,34 AVERY CREEK ROAD,ARDEN,NC,28704,1128b4,20180118,20190416,0,
EAMES,RACHEL, ,,IND- LIC HC SERV PRO,NURSE/NURSES AIDE,,0,19900113.0,464 HAGEN ROAD,CAPE MAY COURTHOUSE,NJ,8210,1128b4,20140520,20190416,0,
ETIENDEM,ANSLEM,B ,,IND- LIC HC SERV PRO,HEALTH CARE AIDE,,1154626273,19840409.0,3003 HARTSHORN ST,COLUMBUS,OH,43219,1128a1,20140220,20190417,0,
FOLKINS,KATHERINE,P ,,IND- LIC HC SERV PRO,NURSE/NURSES AIDE,,1912182528,19770210.0,14 FERN LANE,MANCHESTER,NH,3109,1128b4,20170620,20190405,0,
FREEMAN,SCARLETT, ,,IND- LIC HC SERV PRO,NURSE/NURSES AIDE,,0,19810630.0,1407 VAIL AVENUE,JACKSON,MS,39212,1128b4,20140520,20190423,0,
FRENCH,AMY, ,,IND- LIC HC SERV PRO,NURSE/NURSES AIDE,,0,19730123.0,2912 TREMAINSVILLE ROAD,TOLEDO,OH,43612,1128a1,20120620,20190418,0,
GAINES,PETER,C ,,IND- LIC HC SERV PRO,PARAMEDIC TECHNICIAN,,0,19721119.0,4445 APPLEGLEN COURT,MOORPARK,CA,93021,1128b4,20150120,20190419,0,
GALLANOSA,ARNEL,J ,,IND- LIC HC SERV PRO,DENTIST,,1790869733,19680611.0,13857 HIATT DRIVE,CARMEL,IN,46074,1128a2,20130520,20190422,0,
GILLIAM,LYASIA, ,,INDIVIDUAL (UNAFFILI,NO KNOWN AFFILIATION,,0,19910907.0,2135 NATURAL WELLS DR,TALLAHASSEE,FL,32305,1128a2,20140220,20190423,0,
GUILLORY,ALODIA,ANN ,,IND- LIC HC SERV PRO,NURSE/NURSES AIDE,,0,19890822.0,321 ELLA STREET,EUNICE,LA,70535,1128b4,20180320,20190404,0,
HAENDEL,PAUL, ,,ADULT HOME,EMPLOYEE,,0,19800407.0,104 SCOTT DRIVE,STERLING,VA,20164,1128a2,20080520,20190416,0,
HALL,VONTINA,MONTEZ ,,IND- LIC HC SERV PRO,HEALTH CARE AIDE,,1215180112,19730616.0,1872 S QUEEN STREET,YORK,PA,17403,1128a1,20130820,20190416,0,
HANSBURY,ELLEN,F ,,IND- LIC HC SERV PRO,NURSE/NURSES AIDE,,0,19611025.0,5 CHRISTANSEN LANE,KENNEBUNK,ME,4043,1128b4,20150319,20190422,0,
HARRIS,YVETTE,L ,,IND- LIC HC SERV PRO,NURSE/NURSES AIDE,,1801855077,19630205.0,566 N 37TH STREET,MILWAUKEE,WI,53209,1128a1,20140320,20190417,0,
HAYES,JOHN, ,,IND- LIC HC SERV PRO,PHARMACY TECHNICIAN,,0,19661027.0,"6002 S HALSTEAD STREET, APT 21",CHICAGO,IL,60621,1128b4,20180118,20190404,0,
HILL,ERICA,CATHLEEN ,,IND- LIC HC SERV PRO,NURSE/NURSES AIDE,,0,19700703.0,"8626 BONAIRE BAY LANE, APT 102",TAMPA,FL,33614,1128b4,20131020,20190418,0,
HOWARD,ARION, ,,EMPLOYEE - PRIVATE S,MENTAL HEALTH FAC,,0,19840328.0,4000 WRIGHT AVENUE,ST ANN,MT,63074,1128a1,20130820,20190416,0,
JACKSON,NAKISHA,ANITA ,,IND- LIC HC SERV PRO,HEALTH CARE AIDE,,0,19850123.0,"8126 W BRITTON ROAD, APT 8",OKLAHOMA CITY,OK,73123,1128a2,20120220,20190422,0,
JORDAN,LORI,H ,,NURSING PROFESSION,NURSE/NURSES AIDE,,0,19690714.0,1251 EMORY GREEN ROAD,LOYSVILLE,PA,17047,1128b4,20090618,20190416,0,
JOVANELLY,GREGORY, ,,DENTAL PRACTICE,DENTIST,,1851517262,19650513.0,1921 MAIN STREET,ALIQUIPPA,PA,15001,1128a3,20090420,20190416,0,
KARMO,KUMBA,HAYES ,,SKILLED NURSING FAC,NURSE/NURSES AIDE,,0,19690523.0,63 HIGH STREET,SHARON HILL,PA,19079,1128b4,20070620,20190416,0,
KHATAU,MAHENDRA, ,,IND- LIC HC SERV PRO,PHARMACIST,,1033256524,19480323.0,9330 CASCADE CIRCLE,BURR RIDGE,IL,60527,1128b7,20160320,20190404,0,
LASSITER,PAULETTE,DENISE ,,"PHYSICIAN (MD, DO)",PSYCHIATRY,,1487677852,19700312.0,1505 CLEARWATER DR,NORMAN,OK,73071,1128b4,20170620,20190405,0,
LAZARO,DIONISIO, ,,"PHYSICIAN (MD, DO)",INTERNAL MEDICINE,F08408,0,19520324.0,2172 HETEBRINK STREET,FULLERTON,CA,92833,1128a1,19980420,20190422,0,
LEVY,ROBYN,A ,,IND- LIC HC SERV PRO,NURSE/NURSES AIDE,,1619162898,19551105.0,43 JAMESTOWN FARM DRIVE,FLORISSANT,MO,63034,1128b1,20170220,20190422,0,
MARCINKEVICH,JEREMY,M ,,IND- LIC HC SERV PRO,NURSE/NURSES AIDE,,0,19791010.0,16 STEEPLE CHASE ROAD,HAMPSTEAD,NH,3841,1128b4,20170620,20190405,0,
MARTIN,PAULINE, ,,NURSING PROFESSION,NURSE/NURSES AIDE,,0,19711229.0,"236 E KENTUCKY STREET, APT 103",LOUISVILLE,KY,40203,1128b4,20071018,20190418,0,
MCCULLEY,MARCIA,KAY ,,NURSING PROFESSION,NURSE/NURSES AIDE,,1326106774,19670220.0,4832 DUNSMORE AVENUE,LA CRESCENTA,CA,91214,1128b4,20090618,20190423,0,
MENDENHALL,KARI,SUZANNE ,,IND- LIC HC SERV PRO,NURSE/NURSES AIDE,,0,19771124.0,304 S ORCHARD STREET,HAMERSVILLE,OH,45130,1128a3,20140220,20190404,0,
MEUX,SHAKIR, ,,DME COMPANY,OWNER/OPERATOR,,0,19730708.0,508 E 21ST AVENUE,GARY,IN,46407,1128a1,20080720,20190411,0,
MORRIS,JOSEPH,S ,,IND- LIC HC SERV PRO,NURSE/NURSES AIDE,,0,19700604.0,7331 COUNTY ROAD 15,CHESAPEAKE,OH,45619,1128b4,20160818,20190409,0,
MORTER,GREGORY,ALAN ,,"MEDICAL PRACTICE, MD",PEDIATRICS,F97945,1124040852,19591203.0,106 N 23RD STREET,WILMINGTON,NC,28405,1128b4,20081120,20190419,0,
MOYER-TOUHEY,BARBARA,A ,,NURSING PROFESSION,NURSE/NURSES AIDE,,0,19490825.0,455 MAIN ROAD,MONTEREY,MA,1245,1128b4,20000420,20190422,0,
OCANSEY,DONNA,M ,,IND- LIC HC SERV PRO,NURSE/NURSES AIDE,,0,19620201.0,44 D APPLETREE LANE,OLD BRIDGE,NJ,8857,1128a3,20120320,20190416,0,
OKAFOR,NDUBUISI,JOSEPH ,,"MEDICAL PRACTICE, MD",INTERNAL MEDICINE,F54414,1164534947,19600909.0,10902 LAYTON STREET,UPPER MARLBORO,MD,20776,1128a1,20090319,20190405,0,
PARRINO,LEO,J ,,IND- LIC HC SERV PRO,PHARMACIST,,0,19470210.0,207 SYCAMORE DR,LOUISVILLE,KY,40223,1128a1,20140120,20190419,0,
PATEL,BHARAT, ,,IND- LIC HC SERV PRO,PHARMACIST,,1962729731,19660715.0,61 ASHFORD DRIVE,PLAINSBORO,NJ,8536,1128a1,20140420,20190422,0,
PAXMAN,PAUL,A ,,IND- LIC HC SERV PRO,OPTOMETRY,U21503,1124097068,19621230.0,8909 SILVER LAKE DR,PLEASANT GROVE,UT,84062,1128a1,20131219,20190416,0,
PERIM,STEWART, ,,IND- LIC HC SERV PRO,DENTIST,,1710976576,19560807.0,1505 S SALISBURY BLVD,SALISBURY,MD,21801,1128b5,20140918,20190405,0,
POPPELL,SHANNON,DENISE ,,IND- LIC HC SERV PRO,NURSE/NURSES AIDE,,0,19690522.0,511 STEPHENS STREET,LIVE OAK,FL,32064,1128a2,20130820,20190418,0,
POWER,JOHN,B ,,ADULT HOME,EMPLOYEE,,0,19670910.0,353 FIR RIDGE LANE,BEAUFORT,NC,28516,1128a1,19990920,20190416,0,
PRASCHUNUS,MAUREEN, ,,SKILLED NURSING FAC,NURSE/NURSES AIDE,,0,19620704.0,"1528 E NORTHWIND DRIVE, SW",OCEAN ISLE BEACH,NC,28469,1128b4,20060720,20190416,0,
RASHED,PATRICK,R ,,IND- LIC HC SERV PRO,COUNSELOR,,1992011670,19670331.0,"1923 MT VERNON ROAD, SE",CEDAR RAPIDS,IA,52403,1128a1,20130820,20190411,0,
RENNER,BRANDON,DANIEL ,,IND- LIC HC SERV PRO,NURSE/NURSES AIDE,,0,19810621.0,10544 E TORTILLA CREEK COURT,GOLD CANYON,AZ,85118,1128a4,20140320,20190423,0,
RIEDEL,DANIEL, ,,COMM MNTL HLTH CNTR,HEALTH CARE AIDE,,0,19710930.0,"2375 CARINGA WAY, APT C",CARLSBAD,CA,92009,1128a1,20050720,20190419,0,
SCOTT,ROBERT,EDWARD ,,IND- LIC HC SERV PRO,NURSE/NURSES AIDE,,0,19670917.0,"201 ASHBURTON DRIVE, APT F",MONTGOMERY,AL,36117,1128b4,20151119,20190418,0,
SMITH,ERICA,MARIE ,,IND- LIC HC SERV PRO,NURSE/NURSES AIDE,,0,19860331.0,808 NORTH MUNROE ROAD,TALLMADGE,OH,44278,1128b4,20190120,20190120,0,
SOLOMON,MARIA,EUFEMIA ,,IND- LIC HC SERV PRO,NURSE/NURSES AIDE,,0,19760407.0,2328 DECLARATION DRIVE,RALEIGH,NC,27615,1128a1,20140420,20190422,0,
SUDARIA,NICANOR,C ,,NURSING PROFESSION,NURSE/NURSES AIDE,,0,19600303.0,"5311 MOCKINGBIRD DRIVE, APT 18",ANCHORAGE,AK,99507,1128a1,20020820,20190409,0,
TELANG,FRANK, ,,"PHYSICIAN (MD, DO)",NEUROLOGY,F09428,1497798706,19551205.0,8 VERMONT AVENUE,PORT JEFFERSON STATI,NY,11776,1128a4,20140320,20190419,0,
TOSH,ANN,MARIE ,,NURSING PROFESSION,NURSE/NURSES AIDE,,0,19610330.0,1126 BELLA LUNA DRIVE,BULLHEAD CITY,AZ,86429,1128b4,20090520,20190423,0,
TUCKER,CHRISTINA,BELLE ,,SKILLED NURSING FAC,NURSE/NURSES AIDE,,0,19700713.0,923 W FISCHER STREET,SHERMAN,TX,75092,1128a4,20050818,20190418,0,
VAN CANNEYT,ANGELA, ,,IND- LIC HC SERV PRO,NURSE/NURSES AIDE,,0,19770331.0,"1261 CENTRAL AVENUE, #2",MEMPHIS,TN,38104,1128b4,20161020,20190409,0,
VAN STAAVEREN,BENJAMIN,JUSTIN ,,IND- LIC HC SERV PRO,NURSE/NURSES AIDE,,0,19720510.0,1463 VASCO STREET,MANTECA,CA,95337,1128b4,20140520,20190411,0,
VAZQUEZ-ORTIZ,ALBERTO,R ,,DME COMPANY,EMPLOYEE,,0,19711212.0,"HC 4, BOX 13226",SAN GERMAN,PR,683,1128a1,20050920,20190404,0,
WALSTON,ANGELA,DONNELLE ,,IND- LIC HC SERV PRO,NURSE/NURSES AIDE,,0,19751012.0,939 HOWELL SWAMP CHURCH ROAD,WALSTONBURG,NC,27888,1128b4,20151020,20190409,0,
WIEBERDINK,KIP,EDWARD ,,CHIROPRACTIC PRACT,CHIROPRACTIC,U38150,0,19640616.0,475 ENCHANTED OAK,NEW BRAUNFELS,TX,78132,1128b4,20020919,20190419,0,
WILLIAMS,ILENE,A ,,IND- LIC HC SERV PRO,NURSE/NURSES AIDE,,0,19690812.0,5 TOPPING AVENUE,ROCKLAND,MA,2370,1128b4,20120419,20190419,0,
WRIGHT,ANTOINETTE, ,,IND- LIC HC SERV PRO,NURSE/NURSES AIDE,,0,19640508.0,"3425 KNOLL LANE, #223",COLORADO SPRINGS,CO,80917,1128b4,20120820,20190405,0,
ADCOCK,RACHEL,PAIGE ,,IND- LIC HC SERV PRO,NURSE/NURSES AIDE,,0,19820401.0,"840 BAYOU GARDENS BLVD, APT A",HOUMA,LA,70364,1128b4,20150618,20190523,0,
ADDISON,MICHAEL, SR,,IND- LIC HC SERV PRO,CHIROPRACTIC,,1326227778,19650821.0,P O BOX 507,ORANGEBURG,SC,29116,1128b14,20140420,20190523,0,
ALEXANDER,RUSSELL,DOUGLAS ,,"PHYSICIAN (MD, DO)",EMERGENCY MEDICINE,,1174571285,19700113.0,1181 TWIN PINES CIRCLE,TUSCUMBIA,AL,35674,1128b14,20190320,20190510,0,
ANDERSON,JAMES,NEIL ,,IND- LIC HC SERV PRO,CHIROPRACTIC,,0,19600229.0,"1621 N 34RD STREET, SUITE 400",COEUR D'ALENE,ID,83814,1128b14,20190320,20190510,0,
AUSTIN,DAVID,R ,,"PHYSICIAN (MD, DO)",FAMILY PRACTICE,,1356315436,19540619.0,102 SHEARIN SHORE,ALBION,ME,4910,1128b4,20170320,20190523,0,
BIRNEY,SCOTT, ,,NURSING PROFESSION,NURSE/NURSES AIDE,,0,19711119.0,1700 LENNIE DRIVE,WEST CHESTER,PA,19382,1128b4,20041220,20190522,0,
BLOCK,KENNETH, ,,PSYCHOLOGIC PRACTICE,PSYCHOLOGY,,0,19431008.0,1623 AFTAN LANE,ATLANTA,GA,30329,1128a1,20070320,20190516,0,
BRISCO,MELISSA,JEAN ,,NURSING PROFESSION,NURSE/NURSES AIDE,,0,19720925.0,6803 HAREN CREEK DRIVE,KATY,TX,77449,1128b4,20070520,20190523,0,
BROWN,LATICIA,SCHEVETTE ,,NURSING PROFESSION,NURSE/NURSES AIDE,,0,19750218.0,1000 AMITY AVE,MUSKEGON,MI,49442,1128a2,20071018,20190523,0,
COOK,BURR,L ,,HOSPITAL,NURSE/NURSES AIDE,,0,19550707.0,830 TOWN STREET,COSTA MESA,CA,92627,1128b4,19960506,20190513,0,
COX,DAWN, ,,TRANSPORTATION CO,OWNER/OPERATOR,,0,19680819.0,5806 TEMPERANCE HILL ROAD,MARION,SC,29571,1128b7,20071005,20190507,0,
COX,TENEESHA, ,,HOME HEALTH AGENCY,EMPLOYEE,,0,19760102.0,1207 B PEYTON CIRCLE,GREENVILLE,NC,27834,1128a1,20080220,20190515,0,
CRAMER,JENNA,E ,,NURSING PROFESSION,NURSE/NURSES AIDE,,0,19780804.0,350 EGYPT RD,MONT CLARE,PA,19453,1128b4,20070220,20190523,0,
DARVISH,SAADI,MARCO ,,IND- LIC HC SERV PRO,OPTOMETRY,,1003822834,19651205.0,"1452 FOXHALL ROAD, NW",WASHINGTON,DC,20007,1128b14,20190320,20190522,0,
FELLUS,JONATHAN,L ,,"PHYSICIAN (MD, DO)",GENERAL PRACTICE,,1053309195,19660609.0,19 HILLSIDE AVENUE,GLEN RIDGE,NJ,7028,1128b4,20150820,20190523,0,
FIELDER,CHAKA,KHAN ,,IND- LIC HC SERV PRO,NURSE/NURSES AIDE,,0,19831216.0,1917 HICKMAN ROAD,DES MOINES,IA,50314,1128a3,20180419,20180419,0,
GALIMORE,BETHANY,ANNE WINTHER ,,IND- LIC HC SERV PRO,CHIROPRACTIC,V03759,1134140601,19750201.0,168 CHIMNEY ROCK ROAD,CAMDENTON,MO,65020,1128a1,20110920,20190516,0,
GARRETT,HERMAN,ALPHA JR,,"PHYSICIAN (MD, DO)",ANESTHESIOLOGY,E77481,1033261953,19621129.0,11861 RIMSWELL PLACE,MIDLOTHIAN,VA,23112,1128b4,20151020,20190522,0,
HARDWELL,MABLE,LUCILLE ,,NURSING PROFESSION,NURSE/NURSES AIDE,,0,19680704.0,1048 QUARI STREET,AURORA,CO,80011,1128a4,20101118,20190523,0,
HILL,JAMES,W ,,"MEDICAL PRACTICE, MD",GENERAL PRACTICE/FP,,0,19600601.0,2193 CENTURY HILL,LOS ANGELES,CA,90067,1128b4,19951010,20190523,0,
KALLINI,ADEL,AYAD ,,"PHYSICIAN (MD, DO)",PAIN MANAGEMENT,,1013087741,19390401.0,16437 BRIDLEWOOD CIRCLE,DELRAY BEACH,FL,33445,1128Aa,20181003,20181003,0,
KIRWAN,JONATHAN,J ,,DME COMPANY,OWNER/OPERATOR,,0,19670519.0,4035 LEGEND RANCH,SAN ANTONIO,TX,78230,1128a1,20000518,20190523,0,
KORMAN,ROBERT,ERIC ,,"PHYSICIAN (MD, DO)",PSYCHIATRY,F73323,1821030727,19560913.0,"722 CAMBERLEY CIRCLE, APT A7",TOWSON,MD,21204,1128a1,20140520,20190523,0,
LIVINGSTON,ALEXANDRA, ,,IND- LIC HC SERV PRO,NURSE/NURSES AIDE,,0,19650303.0,5060 SW 9TH LN,GAINESVILLE,FL,32607,1128b4,20120220,20190523,0,
MANNING,TAKARDRA,D ,,IND- LIC HC SERV PRO,NURSE/NURSES AIDE,,0,19920704.0,265 EASTGATE DRIVE,DOTHAN,AL,36303,1128b4,20150820,20190523,0,
MAUS,CHRISTOPHER,K ,,MEDICAL GROUP,OWNER/OPERATOR,,0,19710309.0,1029 KINGSDOWN COURT,AMBLER,PA,19002,1128a1,20050920,20190522,0,
MEDEIROS ROY,TAMMY, ,,NURSING PROFESSION,NURSE/NURSES AIDE,,0,19740415.0,6 KEMPTON STREET,FALL RIVER,MA,2724,1128b4,20080820,20190523,0,
MILLER,KESHORNA,L ,,EMPLOYEE - PRIVATE S,INTER CARE FACILITY,,0,19760717.0,"1329 BRIAR CREEK ROAD, APT 10",CHARLOTTE,NC,28205,1128a3,20140320,20190509,0,
MITRESKI,IGOR, ,,"PHYSICIAN (MD, DO)",GENERAL PRACTICE,,1629305255,19780620.0,"14500 N NORTHSIGHT BLVD, STE 1",SCOTTSDALE,AZ,85260,1128b3,20150319,20190523,0,
OLYNIK,CHRISTOPHER, ,,IND- LIC HC SERV PRO,DENTIST,,1558462838,19660702.0,8313 BAY PARKWAY,BROOKLYN,NY,11214,1128b14,20150820,20190509,0,
PATEL,NIMESH,M ,,IND- LIC HC SERV PRO,PODIATRY,V05758,1427071737,19720210.0,10345 PONTOFINO CIRCLE,TRINITY,FL,34655,1128a1,20131120,20190509,0,
PELMORE,JANET,C ,,"MEDICAL PRACTICE, MD",GENERAL PRACTICE/FP,F54572,0,19620703.0,3129 HIDDEN CREEK DRIVE,ANTIOCH,TN,37013,1128b14,20001004,20190509,0,
PETTY,ANNMARIE, ,,NURSING PROFESSION,NURSE/NURSES AIDE,,0,19681105.0,2900 W DARLEEN DRIVE,FLAGSTAFF,AZ,86001,1128b4,20040120,20190514,0,
PETTY,JILL,M ,,IND- LIC HC SERV PRO,NURSE/NURSES AIDE,,0,19830316.0,"9670 W 57TH STREET, APT 2",LA GRANGE,IL,60525,1128b4,20151020,20190509,0,
PHALORA,MELISSA,MICHELLE ,,IND- LIC HC SERV PRO,NURSE/NURSES AIDE,,0,19770310.0,1302 BARON COURT,VALPARAISO,IN,46383,1128b3,20160218,20190523,0,
RECKARD,NANCY,ANN ,,HOSPITAL,NURSE/NURSES AIDE,,0,19520521.0,688 KEKAULIKE AVENUE,KULA,HI,96790,1128b4,20030320,20190522,0,
SCHWARTZ,DANETTE, ,,NURSING PROFESSION,NURSE/NURSES AIDE,,0,19700822.0,416 ADAMS STREET,BUCKNER,MO,64016,1128b4,20040520,20190514,0,
SEFTON,BARBARA, ,,HOSPITAL,NURSE/NURSES AIDE,,0,19560228.0,"27 MORGAN DRIVE, #2",PLYMOUTH,NH,3264,1128b4,20021020,20190522,0,
SHAH,BIHARI,MULCHAND ,,"PHYSICIAN (MD, DO)",ANESTHESIOLOGY,A28403,1770555724,19441209.0,6301 CANYON VIEW CT,BAKERSFIELD,CA,93306,1128a3,20140420,20190503,0,
SLUPESKY,DANIELLE,MARIE ,,IND- LIC HC SERV PRO,NURSE/NURSES AIDE,,0,19821128.0,"3522 ANDERSON AVENUE, SE",ALBUQUERQUE,NM,87106,1128b4,20150219,20190521,0,
TIMOTHE,MARJORIE, ,,HEALTH MAINT ORG,EMPLOYEE,,0,19620112.0,"1160 OCEAN AVE, #4C",BROOKLYN,NY,11230,1128b1,19980618,20190516,0,
VASKE,SHERYL,LYNN ,,EMPLOYEE - ST/LOC/TR,TRIBAL AGENCY,,1457377970,19650424.0,"206 ANTELOPE STREET, BOX 326",ELKTON,SD,57026,1128a3,20190320,20190320,0,
WALKER,STEPHANIE,A ,,IND- LIC HC SERV PRO,NURSE/NURSES AIDE,,0,19741117.0,P O BOX 147,BATH,ME,4530,1128a3,20140520,20190523,0,
WASSERMAN,RENEE,J ,,IND- LIC HC SERV PRO,PODIATRY,,0,19461016.0,649 BEVELANDER PLANCE,WEST SAYVILLE,NY,11796,1128b14,20180620,20190510,0,
WEISBACH,DAVID, ,,HOME HEALTH AGENCY,HEALTH CARE AIDE,,0,19490718.0,"279 TEMPLE AVE, #16",LONG BEACH,CA,90803,1128b4,20061019,20190507,0,
WHEAT,TANYA,M ,,NURSING PROFESSION,NURSE/NURSES AIDE,,0,19640209.0,656 SIEBERT ST,COLUMBUS,OH,43206,1128a1,20040720,20190509,0,
WHITAKER,GEORGIA,ANNE ,,NURSING PROFESSION,NURSE/NURSES AIDE,,0,19550310.0,35336 AVENUE D,YUCAIPA,CA,92339,1128a4,20060320,20190503,0,
WILLIAMS,ERICKA,KARISHA ,,IND- LIC HC SERV PRO,NURSE/NURSES AIDE,,0,19871011.0,634 DIXY DRIVE,LAKE CHARLES,LA,70601,1128b4,20180320,20190523,0,
WILLIAMS,JAMES, ,,IND- LIC HC SERV PRO,NURSE/NURSES AIDE,,0,19540628.0,"190-05 HILLSIDE AVE, #3S",HOLLIS,NY,11423,1128a1,20140320,20190509,0,
ADAMSON,PAULA,MARIE ,,IND- LIC HC SERV PRO,NURSE/NURSES AIDE,,0,19560205.0,"3001 SW 58TH AVE, APT 405",AMARILLO,TX,79118,1128b4,20131120,20190618,0,
ALANIS,CAROL, ,,IND- LIC HC SERV PRO,NURSE/NURSES AIDE,,0,19830405.0,"1469 LEVANT LANE, UNIT 6",CHULA VISTA,CA,91913,1128b4,20121120,20190620,0,
ALLEN,CHARLES, ,,IND- LIC HC SERV PRO,NURSE/NURSES AIDE,,0,19600513.0,"14210 VERMONT AVENUE, #103",GARDENA,CA,90247,1128b4,20160818,20190618,0,
ALO,MANHART, ,,IND- LIC HC SERV PRO,NURSE/NURSES AIDE,,0,19610416.0,94-564 APII PLACE,WAIPAHU,HI,96797,1128a2,20130418,20190606,0,
ANNECHARICO,ROBIN,M ,,IND- LIC HC SERV PRO,NURSE/NURSES AIDE,,0,19630609.0,33 STUMP ROAD,SANDISFIELD,MA,1255,1128a1,20140320,20190614,0,
ARSENAULT,TERRI,L ,,EMPLOYEE - PRIVATE S,ASSISTED LIVING FACI,,0,19711031.0,248 PLEASANT ST,MECHANIC FALLS,ME,4256,1128a3,20140120,20190614,0,
BAKER,JACK,LEE ,,"PHYSICIAN (MD, DO)",RADIOLOGY,E54731,1982696530,19581220.0,907 MURPHY LANE,FRIENDSWOOD,TX,77546,1128b7,20121120,20190620,0,
BALDERAS,AMBER,MARIE ,,NURSING PROFESSION,NURSE/NURSES AIDE,,0,19791122.0,7422 TRANQUILLO WAY,SAN ANTONIO,TX,78266,1128b4,20100318,20190610,0,
BARTLES,CHRISTINE,A ,,IND- LIC HC SERV PRO,NURSE/NURSES AIDE,,0,19630731.0,708 FAIRWAY DRIVE,OXFORD,NC,27565,1128b4,20120520,20190618,0,
BATES,MARIA,E ,,IND- LIC HC SERV PRO,NURSE/NURSES AIDE,,0,19770527.0,110 PINE STREET,HANOVER,MA,2339,1128a4,20130919,20190619,0,
BLACKMON,CARLA,MARIE ,,IND- LIC HC SERV PRO,NURSE/NURSES AIDE,,1730198862,19730815.0,73 CENTER TERRACE,ROCHESTER,NY,14617,1128b4,20150920,20190619,0,
BRANNON,DAVID,L ,,BUS OWNER/EXEC,REHAB FACILITY - GEN,,0,19691211.0,634 TOMMY AARON DR,GAINESVILLE,GA,30506,1128a1,20140320,20190618,0,
BROWN,SHARON,FAYE ,,IND- LIC HC SERV PRO,THERAPIST,,0,19490328.0,501 JACKSON STREET,CLEARFIELD,IA,50840,1128a1,20140520,20190618,0,
BUCKLAND,KRYSTEL,A ,,IND- LIC HC SERV PRO,PHARMACIST,,0,19810619.0,"1921 14TH STREET, W",BILLINGS,MT,59102,1128a3,20140520,20190614,0,
CLIFFT,DESTINY,MAYANNE ,,IND- LIC HC SERV PRO,NURSE/NURSES AIDE,,0,19850509.0,27 NORTH DAVENPORT RD,QUINTON,OK,74561,1128b4,20150420,20190620,0,
COMBS,MICHAEL,DEAN ,,EMPLOYEE - PRIVATE S,CLINIC,,0,19791127.0,742 WALNUT GROVE ROAD,BLUFF CITY,TN,37618,1128a1,20140520,20190614,0,
CONARD,MICHELE,D ,,NURSING PROFESSION,NURSE/NURSES AIDE,,0,19550326.0,111 KETTLE CREEKE ROAD,TOMS RIVER,NJ,8721,1128b4,20031218,20190619,0,
DARBY,KENNETH,R JR ,,SKILLED NURSING FAC,NURSE/NURSES AIDE,,0,19480615.0,19419 GARDENVIEW DRIVE,MAPLE HEIGHTS,OH,44137,1128b4,20040920,20190610,0,
DAVIDSON HINES,KELLY,DAWN ,,HOSPITAL,NURSE/NURSES AIDE,,0,19650803.0,1403 SE MADISON STREET,IDABEL,OK,74745,1128b4,20030320,20190620,0,
DAVIS,YVONNE,ANTONETTE ,,IND- LIC HC SERV PRO,NURSE/NURSES AIDE,,0,19770711.0,4712 ARCHER DRIVE,CORPUS CHRISTI,TX,78415,1128a3,20131219,20190610,0,
DEGUZMAN,ISIDORA, ,,INDIVIDUAL (UNAFFILI,NO KNOWN AFFILIATION,,0,19600404.0,6580 ROSE HILL RIVER DRIVE,LAS VEGAS,NV,89122,1128a1,20140320,20190606,0,
DUNN,LAURA,FAYE ,,IND- LIC HC SERV PRO,NURSE/NURSES AIDE,,0,19750617.0,18501 E BURNSIDE STREET,PORTLAND,OR,97233,1128a1,20140619,20190620,0,
EBY,JUDITH,HOLMES ,,NURSING PROFESSION,NURSE/NURSES AIDE,,0,19570513.0,224 LOCUST STREET,STEELTON,PA,17113,1128b4,20040219,20190618,0,
EGERT,SARAH,C ,,IND- LIC HC SERV PRO,NURSE/NURSES AIDE,,0,19800925.0,"107 SPAIN GULF ROAD, S",UTICA,NY,13502,1128b1,20160218,20190618,0,
EVANS,REBECCA,A ,,IND- LIC HC SERV PRO,NURSE/NURSES AIDE,,0,19701117.0,227 E ELM STREET,E ROCHESTER,NY,14445,1128b4,20150219,20190619,0,
FRASCA,MICHAEL,ANTHONY ,,IND- LIC HC SERV PRO,CHIROPRACTIC,,1548216781,19670601.0,2029 FAIRVIEW AVE,CLEVELAND,OH,44106,1128a1,20140220,20190613,0,
GAETA,JODI,LYNN ,,IND- LIC HC SERV PRO,NURSE/NURSES AIDE,,0,19691013.0,173 N ACRES ESTATES,CROOKSTON,MN,56716,1128a3,20121220,20190613,0,
HAKIMI,EDMOND, ,,"PHYSICIAN (MD, DO)",GENERAL PRACTICE,,1982919171,19810824.0,39 WELLINGTON ROAD,GREENVALE,NY,11548,1128b4,20141020,20190619,0,
HARWOOD,GRETCHEN,MARIE ,,EMPLOYEE - PRIVATE S,HOME HEALTH AGENCY,,0,19700912.0,4054 BUXTON ROAD,SOUTH EUCLID,OH,44121,1128a1,20140220,20190613,0,
HENRY,DAVID,A JR,,IND- LIC HC SERV PRO,PHARMACY TECHNICIAN,,0,19831117.0,8880 6A HIGHWAY 135,NAYLOR,GA,31641,1128b4,20150618,20190619,0,
HUDSON,JENNIFER,L ,,NURSING PROFESSION,NURSE/NURSES AIDE,,0,19730602.0,"3909 ALAMEDA STREET, APT 2",NASHVILLE,TN,37209,1128b4,20090319,20190614,0,
HUGHES,MICHELLE,LOUISE FLUKINGE,,IND- LIC HC SERV PRO,NURSE/NURSES AIDE,,0,19620112.0,1201 DWINNELL STREET,BAYTOWN,TX,77520,1128b4,20180220,20190606,0,
IHENACHO,GLADYS,I ,,IND- LIC HC SERV PRO,NURSE/NURSES AIDE,,0,19660404.0,45 SILVER GLEN ROAD,STOUGHTON,MA,2072,1128a4,20140619,20190619,0,
IRIZARRY,MICHAILA,A ,,NURSING PROFESSION,NURSE/NURSES AIDE,,0,19870925.0,11 HOLLY LANE,BERKLEY,MA,2779,1128a3,20100617,20190619,0,
JOHNS,MICHELE,LYNN ,,IND- LIC HC SERV PRO,NURSE/NURSES AIDE,,0,19731205.0,1606 11TH STREET,CHARLESTON,IL,61920,1128a3,20140420,20190613,0,
KARIM,SORAL, ,,IND- LIC HC SERV PRO,PHARMACIST,,1215222195,19831024.0,3108 E EARLL DRIVE,PHOENIX,AZ,85016,1128a3,20140619,20190620,0,
KELLY,PAUL,DOUGLAS ,,IND- LIC HC SERV PRO,CHIROPRACTIC,,1609071836,19591115.0,"932 W MITCHELL STREET, SUITE 6",CADILLAC,MI,49601,1128b14,20170920,20190613,0,
KEYS,NEPHATI, ,,IND- LIC HC SERV PRO,HEALTH CARE AIDE,,0,19820206.0,"135 N SCOTT STREET, APT 2",WILMINGTON,DE,19805,1128b1,20160120,20190614,0,
KHALIL,SAMIR, ,,IND- LIC HC SERV PRO,DENTIST,,0,19620717.0,2749 W RIDGE ROAD,ROCHESTER,NY,14626,1128a1,20140320,20190619,0,
KITTLE,LINDA, ,,IND- LIC HC SERV PRO,NURSE/NURSES AIDE,,0,19570706.0,P O BOX 1437,CLEVELAND,MS,38732,1128a3,20140619,20190619,0,
KLEBER,PENNI,LEE ,,HOME HEALTH AGENCY,NURSE/NURSES AIDE,,0,19770319.0,8728 N E RUSSELL PLACE,PORTLAND,OR,97220,1128a1,20050420,20190606,0,
LEVIN,RICHARD,A ,,DENTAL PRACTICE,DENTIST,U43946,0,19531207.0,1911 KENSINGTON COURT,NISKAYUYNA,NY,12309,1128a1,20040520,20190618,0,
LEVIN,RICHARD,A ,,DENTAL PRACTICE,DENTIST,,0,19531207.0,1911 KENSINGTON COURT,NISKAYUNA,NY,12309,1128a3,20030919,20190618,0,
LEWIS,CONNELL,FITZGERALD ,,BUS OWNER/EXEC,HOME HEALTH AGENCY,,0,19680206.0,3181 BERWICK KNOLL,BROOKLYN PARK,MN,55443,1128a1,20140320,20190610,0,
LILLO,CHRISTOPHER,T ,,IND- LIC HC SERV PRO,DENTIST,,1720150675,19671001.0,191 ROUTE 37 WEST,TOMS RIVER,NJ,8755,1128a1,20121220,20190619,0,
MACINTYRE,DAVID,JOHN ,,IND- LIC HC SERV PRO,COUNSELOR,,1043402092,19700225.0,238435 EAU CLAIRE RIVER ROAD,ANIWA,WI,54408,1128b4,20170320,20190613,0,
MADUPU,GANGADHAR, ,,"MEDICAL PRACTICE, MD",PSYCHIATRY,H33026,1114017969,19540620.0,807 BEECH STREET,ROME,NY,13440,1128b4,20100920,20190620,0,
MATTHEWS,SABRINA, ,,IND- LIC HC SERV PRO,PHARMACY TECHNICIAN,,0,19670705.0,4605 E JONES AVENUE,PHOENIX,AZ,85040,1128a3,20140619,20190619,0,
NGU,FRIDA, ,,IND- LIC HC SERV PRO,HEALTH CARE AIDE,,0,19600604.0,5632 TROTTER ROAD,CLARKSVILLE,MD,21029,1128a1,20140520,20190613,0,
NGUYEN,NICK,T ,,PODIATRY PRACTICE,PODIATRY,U67692,0,19650302.0,607 VALLEY FORGE DRIVE,PLACENTIA,CA,92870,1128a1,20060518,20190618,0,
NISAR,ABID, ,,"PHYSICIAN (MD, DO)",ONCOLOGY,C52011,1245375567,19510408.0,13300 THORNILL DRIVE,SAINT LOUIS,MO,63131,1128a1   ,20120523,20190613,0,
NSEKPONG,MICHAEL,D ,,DME COMPANY,OWNER/OPERATOR,,0,19600325.0,"10010 WHITEHURST DRIVE, APT 11",DALLAS,TX,75243,1128a1,20050620,20190610,0,
OJUKO,ABSAYO,SAFIU ,,COUNSELING CENTER,COUNSELOR,,0,19551008.0,106 GENTLEBROOK ROAD,OWINGS MILLS,MD,21117,1128a1,20070820,20190621,0,
OSTERMAN,HOLLY,C ,,NURSING PROFESSION,NURSE/NURSES AIDE,,0,19721012.0,"4546 GLEN LILY ROAD, #16",BOWLING GREEN,KY,42101,1128b4,20070520,20190616,0,
OWEN,JEFFREY,H ,,CLINIC,OWNER/OPERATOR,,0,19480929.0,5226 N CALLE LADERO,TUCSON,AZ,85718,1128b7,20101112,20190619,0,
PARK,EDWARD,HENRY ,,"MEDICAL PRACTICE, MD",GYN/OBS,G71672,1740368984,19670729.0,"600 ANTON BLVD, 11TH FLOOR",COSTA MESA,CA,92626,1128a1,20101118,20190618,0,
PUSZKARSKI,SLAWOMIR,JAN ,,"PHYSICIAN (MD, DO)",PSYCHIATRY,G21950,1679606560,19611223.0,5420 N MILWAUKEE AVENUE,CHICAGO,IL,60630,1128b4,20160818,20190610,0,
RANGEL,JAQUIN, ,,IND- LIC HC SERV PRO,NURSE/NURSES AIDE,,0,19760310.0,3212 N 27TH 1/2 STREET,MCALLEN,TX,78501,1128b4,20140820,20190618,0,
RODRIGUEZ,MARIEVE, ,,IND- LIC HC SERV PRO,DENTIST,,1467546556,19710320.0,"1021 GILPIN AVENUE, STE 200",WILMINGTON,DE,19806,1128a1,20130919,20190619,0,
RODRIGUEZ,NIURVIS, ,,INDIVIDUAL (UNAFFILI,NO KNOWN AFFILIATION,,0,19761101.0,2901 NATALIE AVE,LAS VEGAS,NV,89121,1128a1,20140220,20190606,0,
ROSS,KATHY,A ,,NURSING PROFESSION,NURSE/NURSES AIDE,,0,19780806.0,4573 COUNTY ROAD 5,PEDRO,OH,45659,1128a4,20100218,20190610,0,
SARRIS,DIANE,ELIZABETH ,,IND- LIC HC SERV PRO,PSYCHOLOGY,,1881705150,19531222.0,P O BOX 189,PECOS,NM,87552,1128b14,20190520,20190613,0,
SCHERBAUER,REBECCA,KATHLEEN CUMMIN,,IND- LIC HC SERV PRO,NURSE/NURSES AIDE,,0,19800323.0,125 KINCAID LANE,ERLANGER,KY,41018,1128b4,20160620,20190614,0,
SHAFER,JOHN,M ,,IND- LIC HC SERV PRO,PARAMEDIC TECHNICIAN,,0,19971222.0,3358 PEPPERMILL DRIVE,WEST LAFAYETTE,IN,47906,1128b4,20190520,20190620,0,
SHIRINZADEH,RAFAT, ,,IND- LIC HC SERV PRO,PHYSICAL THERAPY,P44275,1225049844,19660205.0,4616 W WERNETT RD,PASCO,WA,99301,1128b4,20081218,20190620,0,
ST PIERRE,LISA,A ,,IND- LIC HC SERV PRO,THERAPIST,,0,19690220.0,395 OAKWOOD DRIVE,YARMOUTH,ME,4096,1128b4,20140420,20190614,0,
SURMAN,STEPHANIE,THERESA ,,IND- LIC HC SERV PRO,NURSE/NURSES AIDE,,0,19811228.0,112 KENVIEW AVE,KENMORE,NC,14217,1128a4,20140619,20190618,0,
SUTLIFF,JAMES,F ,,CHIROPRACTIC PRACT,CHIROPRACTIC,,0,19540620.0,6336 COLLAMER DRIVE,E SYRACUSE,NY,13057,1128b14,19990323,20190610,0,
TAHIR,AZHAR,M ,,"MEDICAL PRACTICE, MD",INTERNAL MEDICINE,F70633,0,19510303.0,2748 E HENRIETTA ROAD,HENRIETTA,NY,14467,1128a1,20040520,20190618,0,
TRIMMIER,EDWARD,P ,,DENTAL PRACTICE,DENTIST,,0,19541221.0,233 N FAIRVIEW AVENUE,SPARTANBURG,SC,29302,1128a1,20020919,20190618,0,
TUCKER,JENNIFER,M ,,IND- LIC HC SERV PRO,NURSE/NURSES AIDE,,0,19791003.0,P O BOX 62,RANDOLPH CENTER,VT,5061,1128b4,20170720,20190619,0,
TYLER,DOLLIE,M ,,MENTAL HEALTH FAC,BUSINESS MANAGER,,0,19560416.0,310 S 3RD ST,VINITA,OK,74301,1128a2,20020919,20190606,0,
WADDELL,RACHEL,LYNN ,,IND- LIC HC SERV PRO,PHYSICAL THERAPY,,1518175900,19790726.0,22460 128TH AVENUE,CAMERON,OK,74932,1128a1,20101020,20190618,0,
WHITEHEAD,SANDRA, ,,NURSING PROFESSION,NURSE/NURSES AIDE,,0,19690427.0,102 NEWPORT DRIVE,CANTON,MS,39046,1128a2,20100120,20190618,0,
WILDER,CARRIE,ANN ,,IND- LIC HC SERV PRO,NURSE/NURSES AIDE,,0,19830319.0,2431 GALLANT ROAD,ATTALLA,AL,35954,1128b4,20140320,20190620,0,
WILSON,DAVID,FORD ,,"PHYSICIAN (MD, DO)",PSYCHIATRY,,1144431107,19711015.0,422 DEER VALLEY DR,MORGAN,UT,84050,1128b4,20140720,20190614,0,
WISE,MICHELLE,WHITE ,,SKILLED NURSING FAC,BUSINESS MANAGER,,0,19700105.0,16425 AMISTAD AVENUE,PROSPER,TX,75078,1128a1,19950718,20190610,0,
ALSTON,LENI, ,,INDIVIDUAL (UNAFFILI,NO KNOWN AFFILIATION,,0,19690704.0,3409 TROTTING HORSE ROAD,NORTH LAS VEGAS,NV,89032,1128a2,20140420,20190718,0,
ATKINSON,JAMES, ,,IND- LIC HC SERV PRO,NURSE/NURSES AIDE,,0,19620127.0,"609 ENCINO PLACE, NE, #615",ALBUQUERQUE,NM,87102,1128a1,20140320,20190718,0,
BEHNKE,CAITLIN,M ,,IND- LIC HC SERV PRO,NURSE/NURSES AIDE,,0,19860706.0,425 BOX CANYON ROAD,CANOGA PARK,CA,91304,1128b4,20180520,20190717,0,
BERRY,BRANDI,DAWN ,,IND- LIC HC SERV PRO,NURSE/NURSES AIDE,,0,19820813.0,"601 E ARMOUR BLVD, APT 412",KANSAS CITY,MO,64109,1128a4,20120419,20190718,0,
CLAYTON,JORDAN,M ,,IND- LIC HC SERV PRO,NURSE/NURSES AIDE,,1134575681,19880916.0,1621 WHIPPOORWILL DR,LAWRENCEBURG,TN,38464,1128b4,20170720,20190717,0,
GALPERIN,MIKHAIL,M ,,"PHYSICIAN (MD, DO)",ANESTHESIOLOGY,,1306136650,19810722.0,"15802 LAKESHORE DR, S",GRANGER,IN,46530,1128a3,20190718,20190718,0,
HOLDEN,CURTIS,T ,,IND- LIC HC SERV PRO,PODIATRY,U85211,1326029430,19661107.0,7108 W LINCOLN AVENUE,YAKIMA,WA,98908,1128a1,20140619,20190717,0,
HOWARD,BRANDY,LAVAY ,,IND- LIC HC SERV PRO,CHIROPRACTIC,U84280,1659467868,19751121.0,1651 CANYON RUN ROAD,NAPERVILLE,IL,60565,1128a3,20120719,20190717,0,
ISON,NICOLE,RACHEL ,,IND- LIC HC SERV PRO,PHARMACY TECHNICIAN,,0,19800408.0,19090 SW STRICKLAND DR,BEAVERTON,OR,97007,1128b4,20150720,20190711,0,
JOHNSON,JORDAN, ,,IND- LIC HC SERV PRO,NURSE/NURSES AIDE,,0,19910927.0,"2176 BURKE MEADOWS ROAD, APT 1",WINSTON SALEM,NC,27103,1128b4,20181120,20190717,0,
KINLOCH-LINDER,HENRI,RENEE ,,PRIVATE CIT/ENTITY,HEALTH CARE AIDE,,0,19620207.0,177 CLEVELAND STREET,WALTERBORO,SC,29488,1128a1,20010118,20190717,0,
KLINGLER,KRISTIN,DEEANN ,,IND- LIC HC SERV PRO,NURSE/NURSES AIDE,,0,19680923.0,"7700 BROADWAY STREET, STE 104-",SAN ANTONIO,TX,78209,1128b4,20160420,20190718,0,
MARTINEZ,ALFONSO,III ,,IND- LIC HC SERV PRO,HEALTH CARE AIDE,,0,19860626.0,3230 34TH AVENUE,SACRAMENTO,CA,95824,1128a1,20111020,20190711,0,
REDDICK,MICHELLE, ,,IND- LIC HC SERV PRO,NURSE/NURSES AIDE,,0,19730428.0,1416 CAROL CIRCLE,MIDFIELD,AL,35064,1128b4,20140820,20190718,0,
RODRIGUEZ,CHARMYN,LEAH ,,IND- LIC HC SERV PRO,NURSE/NURSES AIDE,,0,19751125.0,14 SEDAN PLACE,PALM COAST,FL,32164,1128b4,20190718,20190718,0,
SCHUTTE,NATALIE,JUNE ,,IND- LIC HC SERV PRO,PHYSICIAN ASSISTANT,,1295982189,19830307.0,9019 MAPLEWOOD STREET,SAINT JOHN,IN,46373,1128a1,20130718,20190717,0,
SMITH,DUWANE,C JR ,,IND- LIC HC SERV PRO,NURSE/NURSES AIDE,,0,19810820.0,"6207 YAKIMA AVENUE, S",PACIFIC,WA,98047,1128b4,20120320,20190717,0,
SOLBERG,ANTHONY,CLIFFORD ,,IND- LIC HC SERV PRO,NURSE/NURSES AIDE,,0,19720511.0,5208 TURNER AVENUE,MADISON,WI,53716,1128b4,20150820,20190717,0,
WILLIAMSON,DEVON, ,,NURSING PROFESSION,NURSE/NURSES AIDE,,0,19840719.0,"6244 EL CAJON BLVD, #24",SAN DIEGO,CA,92115,1128a3,20110220,20190717,0,
,, ,"RICH HEALTH AND WELLNESS, INC",OTHER BUSINESS,CLINIC,,1477645455,,C/O 7562 AMANDA SOUTHERN ROAD,AMANDA,OH,43102,1128b8,20101020,20190806,0,
ALMAN,LISA,ELLEN ,,NURSING PROFESSION,NURSE/NURSES AIDE,,0,19610226.0,751 W 11TH STREET,LOVELAND,CO,80537,1128a3,20060420,20190820,0,
ALVAREZ,SANTIAGO, ,,IND- LIC HC SERV PRO,THERAPIST,,1225180540,19610126.0,5133 HARCOURT CIRCLE,RIVERSIDE,CA,92505,1128b4,20150420,20190812,0,
AUBIN,LISA, ,,INDIVIDUAL (UNAFFILI,NO KNOWN AFFILIATION,,0,19751026.0,"1353 DOUGLAS AVENUE, APT 7",NORTH PROVIDENCE,RI,2904,1128a1,20130520,20190808,0,
BAHNSEN,DARIN,WADE ,,IND- LIC HC SERV PRO,NURSE/NURSES AIDE,,0,19660626.0,420 CHANEY STREET,PAOLI,CO,80746,1128b4,20110920,20190820,0,
BALLANCE,GENNETTA,PEARL ,,IND- LIC HC SERV PRO,NURSE/NURSES AIDE,,0,19740404.0,"1500 W EL CAMINO, #255",SACRAMENTO,CA,95833,1128b4,20120520,20190808,0,
BARTLETT,JENNIFER,M ,,SKILLED NURSING FAC,NURSE/NURSES AIDE,,0,19760111.0,94 ROBINSON ROAD,CHESTER,VT,5143,1128b4,20010220,20190820,0,
BLUM,BRADLEY,CARL ,,DRUG COMPANY/SUPLIER,EMPLOYEE,,0,19710807.0,7311 MOSSWOOD DR,SUGARLAND,TX,77479,1128a3,20101220,20190820,0,
BROWN,LYNN,VERONICA ,,IND- LIC HC SERV PRO,HEALTH CARE AIDE,,0,19721216.0,4887 ANDERSON ANTHONY RD,LEAVITTSBURG,OH,44430,1128a1,20130820,20190808,0,
BURRIS,WILLIAM,MAURICE ,,NURSING PROFESSION,NURSE/NURSES AIDE,,0,19600715.0,1847 LOOKOUT LANE,GASTONIA,NC,28054,1128b4,20110818,20190806,0,
CARR,DARLENE, ,,IND- LIC HC SERV PRO,NURSE/NURSES AIDE,,0,19690925.0,557 MEADOWCREST DRIVE,TRUCKSVILLE,PA,18708,1128b4,20160120,20190822,0,
CARRILLO,PEDRO, ,,"PHYSICIAN (MD, DO)",GENERAL PRACTICE,,0,19580913.0,"2855 PINECREEK DRIVE, APT A329",COSTA MESA,CA,92626,1128a4,20140720,20190806,0,
CLARK,PIPER,C ,,DENTAL PRACTICE,DENTIST,,0,19621202.0,157 E WILLOW COURT,BLOOMINGTON,IN,47401,1128b4,20030720,20190812,0,
COLLINS,IMOGENE, ,,PRIVATE CIT/ENTITY,HEALTH CARE AIDE,,0,19480320.0,608 E WILLIAMS ST,LIMA,OH,45801,1128a1,20110920,20190808,0,
CREIGHTON,LAKIESHA,MARIE ,,IND- LIC HC SERV PRO,NURSE/NURSES AIDE,,0,19800924.0,6208 W JEFFERSON STREET,PHILADELPHIA,PA,19151,1128b4,20121018,20190823,0,
CURRY,SHEREE,D ,,HOME HEALTH AGENCY,NURSE/NURSES AIDE,,0,19720420.0,"500 LINDEN AVE, APT 5303",NEWPORT NEWS,VA,23606,1128b4,19990420,20190820,0,
DELA CRUZ,FRANCISCO,ISIP ,,IND- LIC HC SERV PRO,NURSE/NURSES AIDE,,0,19560408.0,27363 MANON AVENUE,HAYWARD,CA,94544,1128b4,20150920,20190812,0,
DINKEL,MICHAEL,D ,,BUS OWNER/EXEC,CLINIC,,0,19640314.0,17615 DEERISLE CIRCLE,WINTER GARDEN,FL,34787,1128b7,20110712,20190822,0,
DRAKE,JEANETTE,MARY ,,NURSING PROFESSION,NURSE/NURSES AIDE,,0,19660922.0,P O BOX 372,BRODHEADSVILLE,PA,18322,1128b4,20001120,20190822,0,
DUNCAN,ELENA,S ,,DME COMPANY,OWNER/OPERATOR,,0,19670204.0,5419 S PENWAY COURT,INDIANAPOLIS,IN,46224,1128a1,20000720,20190812,0,
ESMAY,KRISTINE, ,,HOME HEALTH AGENCY,NURSE/NURSES AIDE,,0,19820628.0,16444 VESCOVO LANE,PFLUGERVILLE,TN,78660,1128b4,20050519,20190808,0,
FORBES,LESLIE,C ,,IND- LIC HC SERV PRO,NURSE/NURSES AIDE,,0,19710725.0,25 BARRETT PLACE,JACKSON,TN,38305,1128b4,20111120,20190821,0,
FORESTER,BRUCE,M ,,"MEDICAL PRACTICE, MD",PSYCHIATRY,B20572,0,19390525.0,55 NORTHWAY,BRONXVILLE,NY,10708,1128a3,20031218,20190815,0,
FREDERICKS,RYAN,ROBERT ,,EMPLOYEE - PRIVATE S,COUNSELING CENTER,,0,19801002.0,"103 N PENN STREET, APT 3",SHIPPENSBURG,PA,17257,1128a1,20140320,20190822,0,
GARRITY,ROBERT,J ,,PHARMACY,PHARMACIST,,0,19591122.0,1576 E 32ND STREET,CLEVELAND,OH,44114,1128a3,20030619,20190806,0,
GONZALES,SHONNA,LYNN ,,NURSING PROFESSION,NURSE/NURSES AIDE,,0,19800102.0,"7920 PALAWAN DRIVE, APT F",INDIANAPOLIS,IN,46239,1128b4,20060220,20190820,0,
GRANGER,MAI,D ,,NURSING PROFESSION,NURSE/NURSES AIDE,,0,19580921.0,235 S WALTER AVENUE,TRENTON,NJ,8629,1128a3,20010220,20190822,0,
GROOMS,VERNISHA,ANN ,,IND- LIC HC SERV PRO,NURSE/NURSES AIDE,,0,19790324.0,"5937 SAN MIGUEL CIRCLE, APT C",INDIANAPOLIS,IN,46250,1128b4,20131020,20190812,0,
HARDY,ALFRED,LEE ,,IND- LIC HC SERV PRO,THERAPIST,,0,19591213.0,"375 REDONDO AVENUE, #681",LONG BEACH,CA,90814,1128b4,20150319,20190806,0,
HERSHEY,KATRINA, ,,EMPLOYEE - PRIVATE S,CLINIC,,0,19800522.0,"20280 N 59TH AVENUE, #115, BOX",GLENDALE,AZ,85308,1128a4,20131020,20190815,0,
HOWARD,JOY,L ,,INDIVIDUAL (UNAFFILI,RECIPT/BENEFICIARY,,0,19781127.0,3602 SILSBY ROAD,CLEVELAND,OH,44118,1128a1,20140820,20190820,0,
HUTCHINSON,TAMIKA,MARIE ,,HOME HEALTH AGENCY,HEALTH CARE AIDE,,0,19681023.0,"1010 LAFOND AVENUE, #9",SAINT PAUL,MN,55104,1128a3,20070520,20190808,0,
INNOCENZI,ANTHONY, ,,IND- LIC HC SERV PRO,PODIATRY,,1255336079,19691214.0,7972 AQUADALE DRIVE,BOARDMAN,OH,44512,1128a1,20150920,20190813,0,
KATTOUF,AMANDA,NOEL ,,IND- LIC HC SERV PRO,NURSE/NURSES AIDE,,0,19860307.0,224 WINDING KNOLL RD,ALTOONA,PA,16601,1128b4,20131219,20190822,0,
KICE,DEANNA,F ,,NURSING PROFESSION,NURSE/NURSES AIDE,,0,19700508.0,196 B TALLOKAS ESTATES,MOULTRIE,GA,31788,1128b4,20020320,20190820,0,
LANGDON,ANN,M ,,HOME HEALTH AGENCY,HEALTH CARE AIDE,,0,19620606.0,571 BROOKWOOD AVE,HAMILTON,OH,45013,1128a1,20040520,20190808,0,
LEONE,TARA,CONNELL ,,IND- LIC HC SERV PRO,NURSE/NURSES AIDE,,0,19750602.0,9650 LAKE CHASE ISLAND WAY,TAMPA,FL,33626,1128b4,20140820,20190821,0,
LOVELY,JILLIAN,ANNETTE ,,IND- LIC HC SERV PRO,NURSE/NURSES AIDE,,0,19810304.0,P O BOX 342,JACKSON,KY,41339,1128b4,20150720,20190816,0,
MARGOLIN,STEVEN, ,,EMPLOYEE - PRIVATE S,PHARMACY,,0,19541106.0,6855 OAK PARK AVE,VAN NUYS,CA,91406,1128a1,20180620,20180620,0,
MARIN,CARMEN,R ,,IND- LIC HC SERV PRO,NURSE/NURSES AIDE,,0,19610911.0,"1535 FARMERS LANE, #284",SANTA ROSA,CA,95405,1128b4,20160720,20190726,0,
MAXWELL,JODY, ,,IND- LIC HC SERV PRO,NURSE/NURSES AIDE,,0,19700618.0,1359 MARTIN AVENUE,SAN JOSE,CA,95126,1128b4,20151020,20190821,0,
MEJIA,TITO,MARIO ,,IND- LIC HC SERV PRO,NURSE/NURSES AIDE,,0,19641209.0,4444 MARIANNES RIDGE ROAD,CHARLOTTE,NC,28273,1128b4,20120920,20190821,0,
MILLER,FELICIA,GAIL ,,NURSING PROFESSION,NURSE/NURSES AIDE,,0,19760117.0,75 WILDERNESS WAY,BONNYMAN,KY,41719,1128b4,20100420,20190816,0,
MITRIONE,ROBERT,T ,,PSYCHOLOGIC PRACTICE,PSYCHOLOGY,E82488,0,19490221.0,729 TODDSBURY LANE,RICHMOND,IN,47374,1128a1,20030820,20190820,0,
NEPOMUCENO,CRISTINA, ,,SKILLED NURSING FAC,NURSE/NURSES AIDE,,0,19810408.0,30214 VILLA ALTURAS DRIVE,TEMECULA,CA,92592,1128b4,20041020,20190726,0,
NGUYEN,TUNG,THAI ,,IND- LIC HC SERV PRO,DENTIST,,0,19711020.0,19 WINDSOR CASTLE COURT,GREENSBORO,NC,27408,1128a1,20120820,20190816,0,
O'CALLAHAN,JANE,W ,,NURSING PROFESSION,NURSE/NURSES AIDE,,0,19681008.0,"4723 MILNOR DR, SOUTH",MEMPHIS,TN,38128,1128b4,20100120,20190820,0,
PATTERSON,MELISSA,DAWN ,,IND- LIC HC SERV PRO,NURSE/NURSES AIDE,,0,19800823.0,133 BOWLBY STREET,WAYNESBURG,PA,15370,1128b4,20140820,20190822,0,
QUINTON,NOAH,BRANDAN ,,IND- LIC HC SERV PRO,EMERGENCY MED TECH,,0,19820321.0,1836 BERGTHOLD STREET,MANTECA,CA,95336,1128b4,20140820,20190806,0,
RALEY,KELLY,LEE ,,IND- LIC HC SERV PRO,NURSE/NURSES AIDE,,0,19770510.0,7730 NE 307TH AVENUE,FORT MC COY,FL,32134,1128b4,20160218,20190821,0,
RICH,JASON,LOWELL ,,"MEDICAL PRACTICE, MD",FAMILY PRACTICE,H69652,1003815689,19700403.0,"7249 BOWERS ROAD, SW",AMANDA,OH,43102,1128a1,20101020,20190806,0,
RIDEAUX,IRONICE, ,,IND- LIC HC SERV PRO,NURSE/NURSES AIDE,,0,19671112.0,165 CLAUDE STREET,OPELOUSAS,LA,70570,1128a1,20140619,20190821,0,
RIVERA,FRANK, ,,INDIVIDUAL (UNAFFILI,NO KNOWN AFFILIATION,,0,19700326.0,5 TALLY DRIVE,NORWALK,CT,6851,1128a1,20140720,20190816,0,
SACKS,MARTIN,HAROLD ,,IND- LIC HC SERV PRO,HEALTH CARE AIDE,,0,19580109.0,600 MARYLAND AVENUE,CATONSVILLE,MD,21228,1128a1,20140820,20190820,0,
SADLER,RUFUS,E ,,"PHYSICIAN (MD, DO)",INTERNAL MEDICINE,,1316935406,19560313.0,2 LAWRENCE STREET,MOUNT VERNON,NY,10552,1128b1,20160519,20190821,0,
SAUR,BRIANNA,MONROE ,,EMPLOYEE - PRIVATE S,CONSULTING FIRM,,0,19791007.0,213 BIG ROCK WAY,WOODSTOCK,GA,30188,1128a1,20131219,20190806,0,
SCHMIDT,LINDA, ,,IND- LIC HC SERV PRO,PHARMACIST,,0,19640709.0,8923 MEADOW SWEET WAY,LOUISVILLE,KY,40228,1128a1,20140820,20190820,0,
SHAW,CHANCI, ,,BUS OWNER/EXEC,HOME HEALTH AGENCY,,0,19750218.0,722 DEANA DRIVE,MARKSVILLE,LA,71353,1128a1,20140720,20190821,0,
SIMONTON,SHERRI,RENEE ,,IND- LIC HC SERV PRO,NURSE/NURSES AIDE,,0,19831002.0,"4050 S JACKSON DRIVE, APT 102",INDEPENDENCE,MO,64057,1128b4,20141020,20190808,0,
SLOBODZIAN,EMILY,JEAN ,,IND- LIC HC SERV PRO,NURSE/NURSES AIDE,,0,19790906.0,4811 SUNFISH COURT,FT MYERS,FL,33919,1128b4,20140820,20190821,0,
SMITH,PAMELA,SUE ,,EMPLOYEE - PRIVATE S,ASSISTED LIVING FACI,,0,19651021.0,311 LUCAS STREET,SIKESTON,MO,63801,1128a3,20130520,20190808,0,
SOUSIE,LISA, ,,IND- LIC HC SERV PRO,NURSE/NURSES AIDE,,0,19651005.0,715 5TH AVENUE,TROY,NY,12182,1128a2,20120620,20190820,0,
STRIKA,MARGARET, ,,IND- LIC HC SERV PRO,NURSE/NURSES AIDE,,0,19670713.0,"5263 STATE HWY 140, APT 4",MARIPOSA,CA,95338,1128b4,20130418,20190821,0,
STURGIS,SARA,M ,,IND- LIC HC SERV PRO,NURSE/NURSES AIDE,,0,19911218.0,23 SCARBROUGH LANE,ANNISTON,AL,36207,1128b4,20150920,20190816,0,
SWARTZENTRUBER,GWENDOLYN,ANNE ,,IND- LIC HC SERV PRO,NURSE/NURSES AIDE,,0,19851230.0,2035 DAWNSHIRE DRIVE,COLUMBUS,IN,47203,1128a3,20140720,20190812,0,
TAYLOR,AMY,M ,,IND- LIC HC SERV PRO,NURSE/NURSES AIDE,,0,19760206.0,64 CAMIC ROAD,CENTRAL SQUARE,NY,13036,1128b1,20160720,20190815,0,
THOMPSON,BRIDGET,ANN ,,IND- LIC HC SERV PRO,COUNSELOR,,1629298096,19780810.0,2053 HEREL STREET,LINCOLN,NE,68512,1128b4,20171019,20190816,0,
TOUCHSTONE,SUSAN,EARLENE ,,IND- LIC HC SERV PRO,NURSE/NURSES AIDE,,0,19680125.0,3024 HUGHES ROAD,DICKINSON,TX,77539,1128b1,20170720,20190808,0,
TRAVASSOS,GRIMANESA,A ,,IND- LIC HC SERV PRO,NURSE/NURSES AIDE,,0,19681008.0,76 MAXFIELD AVENUE,EAST PROVIDENCE,RI,2914,1128b4,20130418,20190816,0,
VALDE,JANE,DAYOAN ,,DENTAL PRACTICE,DENTIST,,1427243781,19650111.0,1640 WILD WOOD DRIVE,LOS ANGELES,CA,90041,1128b14,20100819,20190813,0,
VALES,EVELYN, ,,CLINIC,TECHNICIAN,,0,19680904.0,"203 HAMILTON AVENUE, APT 2-1",STATEN ISLAND,NY,10301,1128a3,20070719,20190815,0,
VARNER,JACQUELINE,JOYCE ,,IND- LIC HC SERV PRO,NURSE/NURSES AIDE,,0,19821227.0,4912 BRIDGEWATER CIRCLE,JACKSONVILLE,FL,32207,1128a3,20140720,20190821,0,
VICKERS,AMY,J ,,IND- LIC HC SERV PRO,NURSE/NURSES AIDE,,0,19771216.0,198 APPLE RIDGE ROAD,BRADFORD,VT,5033,1128b4,20170720,20190820,0,
VOTTA,CAROL, ,,IND- LIC HC SERV PRO,NURSE/NURSES AIDE,,0,19671211.0,201 THROOP STREET,DUNMORE,PA,18512,1128b4,20130520,20190822,0,
WHITE,LAWRENCE,J ,,DENTAL PRACTICE,DENTIST,,0,19540416.0,"1 HORIZON ROAD, APT 415",FORT LEE,NJ,7024,1128a3,20060620,20190821,0,
WILLIAMS,KEITH,RICHARD ,,IND- LIC HC SERV PRO,NURSE/NURSES AIDE,,0,19690317.0,446 S ARDEN STREET,ANAHEIM,CA,92802,1128b4,20150920,20190808,0,
WOMACK,TARNESHIA,LASHAY ,,IND- LIC HC SERV PRO,NURSE/NURSES AIDE,,0,19810908.0,7713 HWY 62N,BLANCH,NC,27212,1128b4,20180118,20190806,0,
ABEENE,KENISHA,J ,,IND- LIC HC SERV PRO,NURSE/NURSES AIDE,,0,19900411.0,3114 STERLING RIDGE CIRCLE,SPARKS,NV,89431,1128b4,20150120,20190919,0,
ALLENSWORTH,WILLIAM,EARL ,,INDIVIDUAL (UNAFFILI,NO KNOWN AFFILIATION,,0,19720921.0,837 NORTHEAST 31ST STREET,OKLAHOMA CITY,OK,73105,1128a1,20140120,20190918,0,
BAKER,BRITTNI,LYNN ,,INDIVIDUAL (UNAFFILI,NO KNOWN AFFILIATION,,0,19920826.0,"120 PITCHER PARK, SE",DEVILS LAKE,ND,58301,1128b5,20140619,20190910,0,
BEAR,TODD,L ,,IND- LIC HC SERV PRO,CHIROPRACTIC,,1205935947,19640616.0,10177 SUMATRA STREET,EL PASO,TX,79925,1128b14,20140720,20190911,0,
BENNETT,TYLASHEL,J ,,IND- LIC HC SERV PRO,HEALTH CARE AIDE,,0,19781106.0,5974 TULLY CROSS ROAD,GALLOWAY,OH,43119,1128a1,20130220,20190913,0,
BERRY,DORIS,J ,,IND- LIC HC SERV PRO,NURSE/NURSES AIDE,,0,19480701.0,1902 VIRGINIA AVENUE,NACOGDOCHES,TX,75964,1128b4,20150920,20190912,0,
BREWER,DUSTI,DAWN ,,IND- LIC HC SERV PRO,NURSE/NURSES AIDE,,0,19740729.0,"615 STOREY BLVD, #217",CHEYENNE,WY,82009,1128b4,20130418,20190919,0,
BURNETT,MILAN,CAPRICE ,,MENTAL HEALTH FAC,NURSE/NURSES AIDE,,0,19700427.0,100 N 30TH STREET,PARSONS,KS,67357,1128a2,20020718,20190912,0,
CADET,MARIE,CECILE ,,IND- LIC HC SERV PRO,NURSE/NURSES AIDE,,0,19631119.0,119 NW 8TH AVENUE,DELRAY BEACH,FL,33444,1128b4,20190320,20190320,0,
COHORN,ANGELA,JEAN ,,NURSING PROFESSION,NURSE/NURSES AIDE,,0,19670923.0,254 S ALLISON AVE,XENIA,OH,45385,1128a3,20070118,20190912,0,
CORBELL,DENISE,KAY ,,NURSING PROFESSION,NURSE/NURSES AIDE,,0,19660112.0,101 W VOGEL AVE,PHOENIX,AZ,85021,1128b4,20100120,20190910,0,
CRUZ,PAMELA,J ,,IND- LIC HC SERV PRO,NURSE/NURSES AIDE,,0,19680407.0,7534 BARRYHILL STREET,SAN ANTONIO,TX,78238,1128b4,20131219,20190919,0,
GLADSTONE,SCOTT,V ,,"MEDICAL PRACTICE, MD",GENERAL PRACTICE/FP,E71203,0,19591122.0,"75-5660 KONIKO STREET, C7, #14",KAILUA KONA,HI,96740,1128a1,19930412,20190919,0,
GREER,LORENZO,LEWIS ,,IND- LIC HC SERV PRO,NURSE/NURSES AIDE,,0,19620330.0,1219 N 64TH STREET,WACO,TX,76710,1128b4,20140619,20190912,0,
HALL,MARA,LYNNE ,,IND- LIC HC SERV PRO,NURSE/NURSES AIDE,,0,19730819.0,6242 E PHELPS ROAD,SCOTTSDALE,AZ,85254,1128b4,20150520,20190910,0,
HICKMAN,KAWANA,LATRICE ,,IND- LIC HC SERV PRO,NURSE/NURSES AIDE,,1164484515,19760610.0,1438 W CLARK STREET,MILWAUKEE,WI,53206,1128a1,20140520,20190910,0,
HUEHNERHOFF-ROBERTS,CAROL,A ,,PSYCHOLOGIC PRACTICE,OWNER/OPERATOR,,0,19580122.0,16512 SE 28TH STREET,BELLEVUE,WA,98008,1128a1,19940901,20190910,0,
IKE,KENNETH,JERRY ,,BUS OWNER/EXEC,DME - GENERAL,,0,19580323.0,5876 VISTA HEIGHTS LANE,GRAND PRAIRIE,TX,75052,1128a1,20130520,20190918,0,
INGLE,SONJA,MARIE ,,INDIVIDUAL (UNAFFILI,NO KNOWN AFFILIATION,,0,19711019.0,2120 E 17TH STREET,TUCSON,AZ,85719,1128a3,20120820,20190912,0,
KRAMER,MELODY,ANN ,,NURSING PROFESSION,NURSE/NURSES AIDE,,0,19561017.0,2830 N STANDARD,SPOKANE,WA,99207,1128a1,20030520,20190919,0,
LOSIEWICZ,STEPHEN,MICHAEL ,,IND- LIC HC SERV PRO,NURSE/NURSES AIDE,,0,19851002.0,2311 FLINSTONE CIRCLE,KILLEEN,TX,76543,1128b4,20120620,20190913,0,
MCCLURE,JESSICA,NICOLE ,,IND- LIC HC SERV PRO,NURSE/NURSES AIDE,,0,19910521.0,355H STREET,LOVELAND,CO,80538,1128b1,20150618,20190925,0,
MITCHELL,ALLEN,SEAN ,,INDIVIDUAL (UNAFFILI,REPRESENTATIVE PAYEE,,0,19710113.0,4458 121ST LANE,LUBBOCK,TX,79424,1128a3,20120719,20190918,0,
NUR,AMINO, ,,IND- LIC HC SERV PRO,NURSE/NURSES AIDE,,0,19900125.0,"10041 PENN AVENUE, APT 313",MINNEAPOLIS,MN,55431,1128b4,20150520,20190919,0,
NWOKE,PETER,R ,,"PHYSICIAN (MD, DO)",GENERAL PRACTICE,I61168,1841398955,19750705.0,511 SADDLE LANE,GROSSE POINTE,MI,48236,1128a1,20130120,20190911,0,
PARKER,RODNEY,VANCE ,,BUS OWNER/EXEC,PHARMACY,,0,19631117.0,23699 NORTH STATE HIGHWAY 27,DARDANELLE,AR,72834,1128a1,20140220,20190913,0,
SELLERS,MONICA,LASHAWN ,,IND- LIC HC SERV PRO,NURSE/NURSES AIDE,,0,19710426.0,P O BOX 9222,MOBILE,AL,36691,1128b4,20160620,20190905,0,
SINGH,RAJINDER, ,,"MEDICAL PRACTICE, MD",INTERNAL MEDICINE,C02137,1639468838,19490805.0,15898 ST CLAIR AVE,E LIVERPOOL,OH,43920,1128b4,19981119,20190911,0,
SINGH,RAJINDER, ,,"MEDICAL PRACTICE, MD",INTERNAL MEDICINE,C02137,1639468838,19490805.0,48673 LAKEVIEW CIRCLE,EAST LIVERPOOL,OH,43920,1128a4,20040920,20190911,0,
SPRAGUE,MARGARET,MELINDA ,,"MEDICAL PRACTICE, MD",PSYCHIATRY,E99856,0,19541030.0,7257 LA JOLLA BLVD,LA JOLLA,CA,92037,1128b4,20061120,20190919,0,
STEPHENS,BETH,A ,,NURSING PROFESSION,NURSE/NURSES AIDE,,0,19770611.0,1324 WALNUT HILL ROAD,SMITHFIELD,PA,15478,1128b4,20101220,20190905,0,
TENNEFOSS FAVRE,JILL,ANNE ,,IND- LIC HC SERV PRO,PHARMACY TECHNICIAN,,0,19840102.0,3716 NW KNAPP LANE,CAMAS,WA,98607,1128b4,20140720,20190911,0,
VAZQUEZ,CARLOS,R ,,"PHYSICIAN (MD, DO)",INTERNAL MEDICINE,,1255370367,19650209.0,3848 CALLIOPE AVENUE,PORT ORANGE,FL,32129,1128b14,20190520,20190911,0,
WALKER,EVELYN,MARIE ,,IND- LIC HC SERV PRO,NURSE/NURSES AIDE,,0,19581126.0,1536 CORNADO AVENUE,ODESSA,TX,79763,1128b4,20170518,20190912,0,
WILSON,AISHA, ,,NURSING PROFESSION,NURSE/NURSES AIDE,,0,19740427.0,"457 DEEP DELL ROAD, APT 1",SAN DIEGO,CA,92114,1128a4,20040617,20190919,0,
ALLEN,TAMMY,KAY ,,IND- LIC HC SERV PRO,NURSE/NURSES AIDE,,0,19680223.0,8025 HAMPTON GLEN MEWS,CHESTERFIELD,VA,23832,1128a1,20140820,20191015,0,
ANTONE,JULIE,E ,,IND- LIC HC SERV PRO,SOCIAL WORKER,,1528192507,19800809.0,366 CAMBRIDGE DRIVE,RAMSEY,NJ,7446,1128b4,20130220,20191016,0,
BASKINS,JOANNE,E ,,NURSING PROFESSION,NURSE/NURSES AIDE,,0,19610509.0,358 HEMLOCK DRIVE,CORAOPOLIS,PA,15108,1128b4,20030720,20191016,0,
BASSIRI,SASSAN, ,,DENTAL PRACTICE,DENTIST,,1295842904,19670401.0,2710 WELLLSPRING DRIVE,PFAFFTOWN,NC,27040,1128b4,20120320,20191021,0,
BASSIRI,SASSAN, ,,IND- LIC HC SERV PRO,DENTIST,,0,19670401.0,2710 WELLSPRING DRIVE,PFAFFTOWN,NC,27040,1128a1,20140320,20191021,0,
BRASFIELD,DAVID,E ,,IND- LIC HC SERV PRO,THERAPIST,,0,19690713.0,350 COY HILL ROAD,OLIVE HILL,TN,38475,1128b4,20121018,20191016,0,
BRICE,MAMIE,L ,,NURSING PROFESSION,NURSE/NURSES AIDE,,0,19490531.0,"6200 BAKERS FERRY ROAD, SW, #9",ATLANTA,GA,30331,1128b4,20110720,20191016,0,
BROWNLEE,SCOTT,THOMAS ,,IND- LIC HC SERV PRO,NURSE/NURSES AIDE,,0,19780217.0,"2125 S DOWNING STREET, #6",SEASIDE,OR,97138,1128b4,20170720,20191015,0,
CAFFERKY,KEVIN, ,,PRIVATE CIT/ENTITY,CLERK/OTHER CLERICAL,,0,19700226.0,"1100 VINE STREET, UNIT 1209",PHILADELPHIA,PA,19107,1128a3,20000518,20191016,0,
CHAUDHARY-MIAN,SHAHID, ,,"PHYSICIAN (MD, DO)",GENERAL PRACTICE,I55859,1932187499,19630505.0,"VALENCIA STREET, #184, LA SALA",SAN GERMAN,PR,683,1128a3,20140320,20191015,0,
CLIFTON,DAWN,LYNN ,,IND- LIC HC SERV PRO,NURSE/NURSES AIDE,,0,19710423.0,1004 IRIS LANE,WAUSAU,WI,54401,1128b4,20131120,20191023,0,
DANCHISIN,DREW,MICHAEL ,,CHIROPRACTIC PRACT,CHIROPRACTIC,U40213,1689845653,19500526.0,4317 VIRGINIA AVE,OAKLAND,CA,94619,1128b14,20110220,20191023,0,
DIAZ,ALLAN,S ,,INDIVIDUAL (UNAFFILI,RECRUITER/CAPPER,,0,19771128.0,1930 NE 179TH ST,NORTH MIAMI BEACH,FL,33162,1128b1,20170720,20191008,0,
DUPLESSIE,MICHAEL,D ,,"PHYSICIAN (MD, DO)",OPHTHALMOLOGY,G29706,1699757971,19600816.0,7815 ENGLISH WAY,BETHESDA,MD,20817,1128b4,20150319,20191016,0,
EASTBURN,NORMAN,W ,,IND- LIC HC SERV PRO,CHIROPRACTIC,,1013056670,19651021.0,2118 WHITESVILLE ROAD,TOMS RIVER,NJ,8755,1128a1,20141020,20191023,0,
EHRMAN,WALTER,JOHN ,,"PHYSICIAN (MD, DO)",CARDIOLOGY,,1053303560,19630818.0,P O BOX 401000,LAS VEGAS,NV,89140,1128b14,20190919,20191011,0,
ESHUN,DAVID, ,,PRIVATE CIT/ENTITY,HEALTH CARE AIDE,,0,19850423.0,55 N 62ND STREET,PHILADELPHIA,PA,19139,1128a1,20110519,20191016,0,
FULLER,MELISSA,SHARENE ,,IND- LIC HC SERV PRO,NURSE/NURSES AIDE,,0,19770728.0,2214 LOVE ST,CORSICANA,TX,75110,1128b4,20190418,20191023,0,
GARS,JEFFREY,S ,,CHIROPRACTIC PRACT,CHIROPRACTIC,U33324,0,19610417.0,P O BOX 769281,ROSWELL,GA,30076,1128b14,19980720,20191024,0,
GRANDE,RAE,J ,,IND- LIC HC SERV PRO,NURSE/NURSES AIDE,,0,19721011.0,"710 N 91 MINE ROAD, #3",BARTOW,FL,33830,1128b4,20160218,20191016,0,
HAINES,DAVID,ALAN ,,IND- LIC HC SERV PRO,PHARMACY TECHNICIAN,,0,19871008.0,614 WESTMOOR DRIVE,OREANA,IL,62554,1128a3,20131120,20191003,0,
HALE,HOLLY, ,,NURSING PROFESSION,NURSE/NURSES AIDE,,0,19850614.0,1042 A MORROW RD,COURTLAND,MS,38620,1128b4,20111120,20191016,0,
HARDRICK,CARRIE,RUTH ,,NURSING PROFESSION,NURSE/NURSES AIDE,,0,19770502.0,P O BOX 312,COTTONWOOD,AL,36320,1128b4,20010719,20191023,0,
JACKSON,BARBARA,G ,,IND- LIC HC SERV PRO,NURSE/NURSES AIDE,,0,19600709.0,710 BELAIR ROAD,PENSACOLA,FL,32505,1128b4,20141020,20191015,0,
JETT,KAYLETTE,MARIE ,,NURSING PROFESSION,NURSE/NURSES AIDE,,0,19681002.0,"904 FM 686, DZ-19, #1377759",DAYTON,TX,77535,1128a4,20070320,20191003,0,
JONES,MARY JO, ,,IND- LIC HC SERV PRO,THERAPIST,,1639398258,19790222.0,1850 SWALLOW HILL AVENUE,HENDERSON,NV,89012,1128b15,20150720,20191023,0,
KENYON,DANIELLE,A ,,NURSING PROFESSION,NURSE/NURSES AIDE,,0,19620809.0,82 TAYLOR STREET,PITTSFIELD,MA,1201,1128b4,20091220,20191015,0,
KING,ANYA,ANSELM ,,IND- LIC HC SERV PRO,NURSE/NURSES AIDE,,0,19640527.0,"502 PRYOR STREET, APT 12",ATLANTA,GA,30312,1128b4,20180419,20191023,0,
KIRKOROV,VLADIMIR, ,,"MEDICAL PRACTICE, MD",INTERNAL MEDICINE,G33429,1982605994,19500713.0,95 DAVINCI DRIVE,MONMOUTH JUNCTION,NJ,8852,1128a3,20070719,20191015,0,
LAWRENCE,IDOWU, ,,IND- LIC HC SERV PRO,NURSE/NURSES AIDE,,0,19701201.0,8504 CRYSTAL RIDGE WAY,ANTELOPE,CA,95843,1128b4,20150920,20191011,0,
LEMOS,BRIDGET,ARNELL ,,IND- LIC HC SERV PRO,NURSE/NURSES AIDE,,0,19611223.0,918 E 118TH PLACE,LOS ANGELES,CA,90059,1128b4,20160218,20191002,0,
MABIE,PATRICIA, ,,NURSING PROFESSION,NURSE/NURSES AIDE,,0,19620812.0,2832 SE 17TH PLACE,CAPE CORAL,FL,33904,1128b4,20070419,20191015,0,
MAYUGA,JOCELYNN,LORENZO ,,INDIVIDUAL (UNAFFILI,NO KNOWN AFFILIATION,,1568508968,19630807.0,12764 OAK FARMS DRIVE,OAK HILL,VA,20171,1128a1,20141020,20191015,0,
MCMAHON,SHELLEY,A ,,IND- LIC HC SERV PRO,NURSE/NURSES AIDE,,0,19720923.0,"4540 E BELLEVIEW STREET, UNIT",PHOENIX,AZ,85008,1128b4,20140320,20191008,0,
MOORE,RACHEAL,RENEE ,,IND- LIC HC SERV PRO,NURSE/NURSES AIDE,,0,19790830.0,"440 RICHMOND PARK EAST, APT C3",RICHMOND HEIGHTS,OH,44143,1128a1,20140820,20191003,0,
OHAKAM,RAY,I ,,IND- LIC HC SERV PRO,NURSE/NURSES AIDE,,0,19811003.0,538 STARLIGHT DRIVE,SHIRLEY,NY,11967,1128a2,20140918,20191016,0,
PADVA-GERMAN,ANNA, ,,IND- LIC HC SERV PRO,DENTIST,,1043382039,19620821.0,446 DUNLIN PLZ,SECAUCUS,NJ,7094,1128a1,20140918,20191023,0,
PAGE,CHERIE, ,,INDIVIDUAL (UNAFFILI,NO KNOWN AFFILIATION,,0,19720215.0,2404 SE 70TH AVENUE,PORTLAND,OR,97206,1128a1,20140120,20191021,0,
PARSA,BRUCE,NADARE ,,"MEDICAL PRACTICE, MD",PSYCHIATRY,F82167,0,19630423.0,10408 CHEROKEE LANE,LEAWOOD,KS,66206,1128a4,20040920,20191002,0,
PEREZ,MARTIN,PASCUAL ,,COUNSELING CENTER,TECHNICIAN,,0,19680710.0,"1701 MARSHALL ROAD, APT 261",VACAVILLE,CA,95687,1128b4,20110420,20191002,0,
PEREZ,PORFIRIA,M ,,IND- LIC HC SERV PRO,NURSE/NURSES AIDE,,0,19670417.0,"16439 S HALSTEAD, #11",HARVEY,IL,60426,1128a4,20140220,20191002,0,
READ,ELIZABETH,G ,,CHIROPRACTIC PRACT,CHIROPRACTIC,U68018,0,19680102.0,201 E GAY STREET 144,WEST CHESTER,PA,19380,1128b14,20000320,20191003,0,
REDDMANN,DEVIN,ANN ,,IND- LIC HC SERV PRO,NURSE/NURSES AIDE,,0,19801121.0,407 CRESTWOOD DRIVE,BEEBE,AR,72012,1128b4,20160120,20191023,0,
REILLY,GILDA,ZOE ,,IND- LIC HC SERV PRO,NURSE/NURSES AIDE,,0,19801103.0,4215 SOUTHERN PARKWAY,LOUISVILLE,KY,40214,1128b1,20171019,20191002,0,
RICHARD,MYRLENE,R ,,CHIROPRACTIC PRACT,CHIROPRACTIC,,0,19630111.0,8631 S PAULINA,CHICAGO,IL,60620,1128b14,19980319,20191008,0,
SANABRIA,CATHY,E ,,IND- LIC HC SERV PRO,NURSE/NURSES AIDE,,0,19610629.0,17371 W JACKSON STREET,GOODYEAR,AZ,85338,1128b4,20130220,20191023,0,
STAFFORD,BOBBIE,RENEE ,,NURSING PROFESSION,NURSE/NURSES AIDE,,0,19700108.0,2040 FERNDALE ROAD,ARROYO GRANDE,CA,93420,1128b4,20090319,20191023,0,
SUAREZ,MARILIZ, ,,"PHYSICIAN (MD, DO)",GENERAL PRACTICE,,1265643480,19610423.0,B14 URB LAS MARIAS,SALINAS,PR,751,1128a3,20141020,20191020,0,
TANWEER,REHANA,KAUSAR ,,IND- LIC HC SERV PRO,NURSE/NURSES AIDE,,0,19670906.0,1013 BELLA DONNA ROAD,LEXINGTON,KY,40515,1128b4,20140520,20191016,0,
TRYTHALL,MICHAEL, ,,IND- LIC HC SERV PRO,AUDIOLOGY,,1811177553,19770412.0,"7400 HOLLYWOOD BLVD, #613",LOS ANGELES,CA,90046,1128b4,20160218,20191015,0,
VILDERMAN,YULY, ,,IND- LIC HC SERV PRO,DENTIST,,1760601173,19420103.0,"690 MARKET STREET, UNIT 1703",SAN FRANCISCO,CA,94104,1128a1,20141020,20191021,0,
WEST,KEITH,A ,,DENTAL PRACTICE,DENTIST,U49900,0,19540705.0,475 E COLUMBIA AVE,BATTLE CREEK,MI,49014,1128a3,20041020,20191003,0,
WILLIAMS,DANIEL,PAUL ,,IND- LIC HC SERV PRO,NURSE/NURSES AIDE,,0,19611022.0,1103 N WOODWARD ROAD,SPOKANE,WA,99206,1128b4,20150520,20191011,0,
WILSON,LEON, ,,IND- LIC HC SERV PRO,COUNSELOR,,1386795250,19600417.0,P O BOX 1473,HOPEWELL,VA,23860,1128a1,20141020,20191016,0,
WOJTACH,TAMMY,BETH ,,IND- LIC HC SERV PRO,NURSE/NURSES AIDE,,1952632036,19711104.0,13 ADAMSON STREET,SELDEN,NY,11784,1128a1,20141020,20191020,0,
ALTMAN,KAREN,R TAYLOR ,,HOSPITAL,NURSE/NURSES AIDE,,0,19710730.0,2565 DEVANDRENE AVENUE,WAYCROSS,GA,31503,1128b4,20001220,20191120,0,
ANDERSON,BRIAN,PATRICK ,,IND- LIC HC SERV PRO,PHARMACIST,,1730510082,19870928.0,"21 EAST STREET, #1D",MANSFIELD,MA,2048,1128b4,20171019,20191121,0,
BELL,KIMBERLY,F ,,STATE/LOCAL/TRIBAL A,NURSE/NURSES AIDE,,0,19611109.0,816 BURNT TAVERN ROAD,POINT PLEASANT BEACH,NJ,8742,1128b4,20010620,20191121,0,
BENODIN,STEPHANIE, ,,IND- LIC HC SERV PRO,HEALTH CARE AIDE,,0,19871204.0,92-02 242 STREET,BELLROSE,NY,11426,1128b1,20150420,20191121,0,
BURKES,JEFFREY,R ,,DENTAL PRACTICE,DENTIST,T49707,1073690137,19480721.0,140 E 56TH STREET,NEW YORK,NY,10022,1128a4,20090219,20191121,0,
CALDWELL,RACHEL,LEAH ,,IND- LIC HC SERV PRO,NURSE/NURSES AIDE,,0,19770131.0,307 MARCHMAN STREET,LINDALE,TX,75771,1128b4,20160818,20191101,0,
CELENTANO,ANTHONY, ,,IND- LIC HC SERV PRO,PHYSICIAN ASSISTANT,,0,19520918.0,5652 59TH ST,MASPETH,NY,11378,1128a1,20040520,20191121,0,
CHERRY,DAVID, ,,NURSING PROFESSION,NURSE/NURSES AIDE,,0,19630514.0,8316 TYRIAN PATH,N CHARLESTON,SC,29418,1128b4,19951219,20191121,0,
CHERRY-HAMMOND,CAPPRECCIA,Y ,,TRANSPORTATION CO,OWNER/OPERATOR,,0,19671009.0,"405 FAIRBURN RD, S W, APT 87",ATLANTA,GA,30331,1128a1,19970702,20191120,0,
COOK,SHERONDA,YERETTA YOLANDA,,EMPLOYEE - PRIVATE S,COUNSELING CENTER,,0,19751022.0,400 PAPER ROAD,WINNSBORO,SC,29180,1128a1,20141020,20191104,0,
DAVIS,RANDALL,TODD ,,NURSING PROFESSION,NURSE/NURSES AIDE,,0,19700312.0,15730 COLDING LOOP,WIMAUMA,FL,33598,1128b4,20060320,20191121,0,
DIVANBEIGI,FARAH, ,,IND- LIC HC SERV PRO,DENTIST,,1982730511,19640121.0,2508 OCEAN FRONT DR,LAS VEGAS,NV,89128,1128b14,20181220,20181220,0,
DUNCAN,AMY,LYNN ,,IND- LIC HC SERV PRO,NURSE/NURSES AIDE,,0,19711026.0,4130 CHEROKEE TRAIL,JAMESTOWN,OH,45335,1128b4,20160818,20191114,0,
DURBIN,ROXANNA,L THORPE ,,IND- LIC HC SERV PRO,NURSE/NURSES AIDE,,0,19720723.0,100 HARLAN BROWN ROAD,COLUMBIA,KY,42728,1128b4,20150120,20191121,0,
DURSCHMIDT,KRISTI,L ,,NURSING PROFESSION,NURSE/NURSES AIDE,,0,19581017.0,1819 COUNTRY ROAD 31,RUSSELL,MN,56169,1128b4,20100120,20191120,0,
GABELL,STEPHANIE,NICOLE ,,IND- LIC HC SERV PRO,NURSE/NURSES AIDE,,0,19781112.0,15032 LUM DAY ROAD,BASTROP,LA,71220,1128b4,20150820,20191121,0,
GADDIS,THOMAS,D ,,SKILLED NURSING FAC,ADMINISTRATOR,,0,19490315.0,P O BOX 420,E MACHIAS,ME,4630,1128b4,20021020,20191121,0,
GASSETT,TRACI,A ,,PHARMACY,TECHNICIAN,,0,19700417.0,337 BRIGHTON LANE,CRETE,IL,60417,1128b4,20000820,20191120,0,
GEPHARDT,DAVID,CLEAVER ,,IND- LIC HC SERV PRO,DENTIST,,1316075260,19510310.0,324 WINDING WAY,ANDERSON,IN,46011,1128a3,20141020,20191119,0,
GLOVER,ROBERT,H ,,IND- LIC HC SERV PRO,CHIROPRACTIC,,1467482117,19630507.0,"24552 RAYMOND WAY, #1",LAKE FOREST,CA,92630,1128b4,20120920,20191120,0,
GREEN,LOLETHA, ,,EMPLOYEE - PRIVATE S,SKILLED NURSING FAC,,0,19770818.0,67 DIX STREET,ROCHESTER,NY,14606,1128a1,20130718,20191121,0,
HILL,GAIL,LENIASE ,,SKILLED NURSING FAC,OWNER/OPERATOR,,0,19710718.0,"6051 ROMA DRIVE, APT 308",SHREVEPORT,LA,71105,1128a2,20000518,20191121,0,
HOFFMEISTER,MARTIN,GLENN ,,IND- LIC HC SERV PRO,PODIATRY,T34016,1699839365,19580511.0,"2501 PLAINFIELD AVENUE, NE",GRAND RAPIDS,MI,49505,1128a1,20141120,20191120,0,
JOHNSON,VALERIE,BETH ,,IND- LIC HC SERV PRO,DENTAL HYGIENIST,,0,19820312.0,545 HILHAM HIGHWAY,LIVINGSTON,TN,38570,1128a3,20140220,20191121,0,
JOSEPH,ASHLAND,JR ,,AMBULANCE COMPANY,OWNER/OPERATOR,,0,19680711.0,1517 ELMHURST DRIVE,WORTHINGTON,KY,41183,1128a1,19970710,20191121,0,
KAMINSKY,TAMARA,FRANCINE ,,IND- LIC HC SERV PRO,NURSE/NURSES AIDE,,0,19651220.0,26352 MIRAR VISTA DRIVE,MISSION VIEJO,CA,92692,1128b4,20131020,20191120,0,
KIRSCHENMANN,KEVIN,SCOTT ,,IND- LIC HC SERV PRO,COUNSELOR,,1124148598,19660808.0,5435 W HIDDEN DRIVE,AMERICAN FORK,UT,84003,1128b4,20131219,20191122,0,
LAKE,QUANTINA,SHALANE ,,CLINIC,NURSE/NURSES AIDE,,0,19730401.0,216 W WASHINGTON CENTER ROAD,FORT WAYNE,IN,46825,1128a1,20010820,20191120,0,
LAUTERBACH,STEPHEN,RICHARD ,,"PHYSICIAN (MD, DO)",SURGERY,,1699717843,19681108.0,7727 TALL OAKS DRIVE,PARK CITY,UT,84098,1128b4,20171019,20191121,0,
LEVY,BONNIE,MELISSA ,,EMPLOYEE - HHS,EMPLOYEE - 14 & BELO,,0,19751030.0,2091 PAINT PONY LANE,KELLER,TX,76248,1128a3,20140918,20191120,0,
LUCKEY,THERESA, ,,EMPLOYEE - PRIVATE S,PERSONAL CARE PROVID,,0,19740329.0,1944 S NORWOOD STREET,PHILADELPHIA,PA,19145,1128a1,20140120,20191121,0,
MARTIN,AUDREY,L ,,IND- LIC HC SERV PRO,NURSE/NURSES AIDE,,0,19820401.0,119 CUMBERLAND ROAD,NORTH YARMOUTH,ME,4097,1128b4,20171120,20191121,0,
MENARD,NOREEN, ,,IND- LIC HC SERV PRO,NURSE/NURSES AIDE,,0,19610408.0,"129 QUAKER HWY, APT 11",UXBRIDGE,MA,1569,1128b4,20180118,20191121,0,
ODRON,FERDIE,TAN ,,EMPLOYEE - PRIVATE S,PERSONAL CARE PROVID,,0,19661128.0,8037 COUNTRY WOODS DR,ANCHORAGE,AK,99502,1128a1,20141020,20191119,0,
ODRON,JERLYN,S ,,EMPLOYEE - PRIVATE S,PERSONAL CARE PROVID,,0,19700116.0,8037 COUNTRY WOODS DR,ANCHORAGE,AK,99502,1128a1,20141020,20191119,0,
PARK,DAVID,MIN ,,LABORATORY,LAB - CLINICAL,,0,19660818.0,"1230 MADERA ROAD, #5-372",SIMI VALLEY,CA,93065,1128a1,20030619,20191113,0,
PAUL,DEANNA,MARIE ,,IND- LIC HC SERV PRO,COUNSELOR,,0,19730116.0,4401 AKITA DRIVE,TAMPA,FL,33624,1128b4,20111220,20191121,0,
RIESER,TRACY,LYN ,,INDIVIDUAL (UNAFFILI,NO KNOWN AFFILIATION,,0,19780819.0,35513 N BARZONA TRAIL,SAN TAN VALLEY,AZ,85143,1128a4,20131120,20191113,0,
RIVERS,ANDREA, ,,EMPLOYEE - PRIVATE S,INTER CARE FACILITY,,0,19790501.0,337 N ROYAL TOWER DRIVE,IRMO,SC,29063,1128a1,20120520,20191120,0,
RODRIGUES,PAUL,JORGE ,,CHIROPRACTIC PRACT,CHIROPRACTIC,U26172,0,19610606.0,3758 LIME AVENUE,LONG BEACH,CA,90807,1128b14,20090123,20191113,0,
ROSE,SAMUEL,DAVID ,,IND- LIC HC SERV PRO,NURSE/NURSES AIDE,,0,19801005.0,325 CHENNAULT LANE,ROCKLEDGE,FL,32955,1128b4,20160720,20191121,0,
SAUNDERS,JAMES,CHALKER ,,NURSING PROFESSION,NURSE/NURSES AIDE,,0,19761027.0,651 CARYA COURT,DELAND,FL,32724,1128b4,20030919,20191121,0,
SCHMIDT,STACEY,SHAREE ,,IND- LIC HC SERV PRO,NURSE/NURSES AIDE,,0,19720212.0,4613 CEDAR AVENUE,MCALLEN,TX,78501,1128b4,20160420,20191101,0,
STIFFLER,KEITH,MONROE ,,HOSPITAL,NURSE/NURSES AIDE,,0,19640809.0,98 SW9TH AVENUE,BOCA RATON,FL,33486,1128b4,20001220,20191113,0,
SWANSON,JULIA,ANN ,,NURSING PROFESSION,NURSE/NURSES AIDE,,0,19711112.0,1803 DARBY LANE,DAVIS,IL,61019,1128b4,20010719,20191120,0,
VALDES,DAISY,R ,,CLINIC,OWNER/OPERATOR,,0,19630412.0,4694 SW 160TH PLACE,MIAMI,FL,33185,1128a1,19980520,20191120,0,
VALDES,MAXIMINO,D ,,CLINIC,OWNER/OPERATOR,,0,19630721.0,4694 SW 160TH PLACE,MIAMI,FL,33185,1128a1,19980520,20191120,0,
WALLS,ELIZABETH, ,,IND- LIC HC SERV PRO,NURSE/NURSES AIDE,,0,19720201.0,100 EAST I STREET,ELIZABETHTON,TN,37643,1128b4,20140720,20191121,0,
YURK,ROBIN,ANN ,,"MEDICAL PRACTICE, MD",INTERNAL MEDICINE,F75362,0,19651031.0,"6725 DALY ROAD, UNTI 251003",WEST BLOOMFIELD,MI,48325,1128b4,20070920,20191120,0,
ALI,WAQAS, ,,"PHYSICIAN (MD, DO)",INTERNAL MEDICINE,,1023094190,19711216.0,308 N SAMPSON STREET,TREMONT,IL,61568,1128a4,20141218,20191217,0,
BAILEY,BRITANIE,LYNN ,,IND- LIC HC SERV PRO,NURSE/NURSES AIDE,,0,19810917.0,159 S 200 E,ENTERPRISE,UT,84725,1128b4,20150420,20191206,0,
BARCHUE,JOSEPH,LEE ,,IND- LIC HC SERV PRO,COUNSELOR,,1205168283,19560314.0,11809 SKYWAY AVENUE,OKLAHOMA CITY,OK,73162,1128a1,20141120,20191216,0,
BARTELT,VICKIE,SUE ,,NURSING PROFESSION,NURSE/NURSES AIDE,,0,19691127.0,338 E MAIN STREET,CIRCLEVILLE,OH,43113,1128a1,20091020,20191216,0,
BLACK,BRIDGET,KEENAN ,,IND- LIC HC SERV PRO,NURSE/NURSES AIDE,,0,19801015.0,64 BROADVIEW DRIVE,TIVERTON,RI,2878,1128b4,20181120,20191213,0,
BROWN,WHITNEY,LYNN ,,IND- LIC HC SERV PRO,NURSE/NURSES AIDE,,0,19830906.0,1085 KEEVEN LANE,FLORISSANT,MO,63031,1128a3,20141218,20191218,0,
CHAPPELL,TIFFANY,MALONE ,,IND- LIC HC SERV PRO,NURSE/NURSES AIDE,,0,19710402.0,"6061 COLONIAL PARKWAY, APT 520",GULF SHORES,AL,36542,1128b4,20151220,20191216,0,
COHEN,MARIANNE, ,,DENTAL PRACTICE,DENTIST,,0,19550310.0,11120 PINE GREENS COURT,LAS VEGAS,NV,89144,1128b4,20041220,20191216,0,
DURHAM SMITH,ANNEIKKIA,O ,,INDIVIDUAL (UNAFFILI,NO KNOWN AFFILIATION,,0,19760411.0,117 BUTTERNUT DRIVE,POTTSTOWN,PA,19464,1128a1,20121018,20191213,0,
GALLOW,KENNETH,MICHAEL ,,NURSING PROFESSION,NURSE/NURSES AIDE,,0,19660508.0,P O BOX 992,OBERLIN,LA,70655,1128b4,20080420,20191216,0,
HAIRSTON,PAMELA,RENE ,,HOSPITAL,NURSE/NURSES AIDE,,0,19551116.0,18721 HIGHWAY 157,PLAIN DEALING,LA,71064,1128b4,20041020,20191216,0,
HOWLETT,LEAH,MAUREEN ,,IND- LIC HC SERV PRO,NURSE/NURSES AIDE,,0,19910225.0,"11640 N TATUM BLVD, UNIT 2049",PHOENIX,AZ,85028,1128b4,20171120,20191216,0,
JONES,BRUCE,E ,,IND- LIC HC SERV PRO,EMERGENCY MED TECH,,0,19791018.0,2579 WATERMILL DRIVE,ORANGE PARK,FL,32073,1128b4,20140520,20191206,0,
JUNG,KYUNGHOON, ,,IND- LIC HC SERV PRO,DENTIST,,1467624536,19580116.0,331 B 1ST STREET,PALISADES PARK,NJ,7650,1128b14,20191120,20191218,0,
KIMBROUGH,ARLORA,B ,,IND- LIC HC SERV PRO,NURSE/NURSES AIDE,,0,19490110.0,510 CRESTVIEW DRIVE,GADSDEN,AL,35903,1128b4,20140320,20191210,0,
KING,LISA,A ,,NURSING PROFESSION,NURSE/NURSES AIDE,,0,19681011.0,56 LARCH STREET,LEEDS,NY,12451,1128b4,20041118,20191210,0,
OLIVEIRA,KAREN,VALOIS ,,NURSING PROFESSION,NURSE/NURSES AIDE,,0,19680903.0,9701 SLEEPY HOLLOW DRIVE,MCKINNEY,TX,75072,1128b4,20090618,20191210,0,
OQROSHIDZE,GIORGI, ,,IND- LIC HC SERV PRO,NURSE/NURSES AIDE,,0,19760310.0,176 MARC LANE,HUNTINGDON VALLEY,PA,19006,1128a1,20141120,20191206,0,
PORTER,LANE,CANNON ,,IND- LIC HC SERV PRO,COUNSELOR,,1346540085,19760219.0,473 E CAROLINE DAY COVE,DRAPER,UT,84020,1128b4,20150420,20191217,0,
POSNER,RUSSELL,MARK ,,CHIROPRACTIC PRACT,CHIROPRACTIC,,0,19471127.0,10521 NW 11TH COURT,FORT LAUDERDALE,FL,33324,1128a3,20041220,20191213,0,
ROY,ROLAND,J JR,,IND- LIC HC SERV PRO,PHARMACY TECHNICIAN,,0,19620503.0,28 PINE STREET,FORT KENT,ME,4743,1128a3,20141218,20191217,0,
SHARP,CYNTHIA,MAE ,,ADULT HOME,NURSE/NURSES AIDE,,0,19630521.0,"21100 STATE STREET, SP 34",SAN JACINTO,CA,92583,1128a3,20020418,20191203,0,
SMITH,SHAWNA,RUSSELL ,,IND- LIC HC SERV PRO,NURSE/NURSES AIDE,,0,19650822.0,188 LANA STREET,PONTOTOC,MS,38863,1128a1,20141218,20191217,0,
STINNETT,RHONDA,G ,,IND- LIC HC SERV PRO,NURSE/NURSES AIDE,,0,19651015.0,814 MIMOSA AVENUE,ALAMOGORDO,NM,88310,1128b4,20120920,20191213,0,
SUTHERLAND,CHRISTINA, ,,PRIVATE CIT/ENTITY,HEALTH CARE AIDE,,0,19600819.0,2686 TRADER COURT,SOUTH BEND,IN,46628,1128a2,20111120,20191216,0,
TISDALE,BRANDIE,LEELYN ,,IND- LIC HC SERV PRO,HEALTH CARE AIDE,,0,19890222.0,5495 LIBERTY HILL ROAD,CHILLICOTHE,OH,45601,1128a1,20141120,20191216,0,
ULMER,TODD,DAVID ,,IND- LIC HC SERV PRO,THERAPIST,,1679638720,19680616.0,10019 E GRONER AVE,BATON ROUGE,LA,70809,1128a1,20141120,20191216,0,
WHITE,HEATHER,R ,,NURSING PROFESSION,NURSE/NURSES AIDE,,0,19840828.0,1487 S COUNTY ROAD 50 W,ROCKPORT,IN,47635,1128a3,20101118,20191216,0,
WILLIAMS,DEBORAH, ,,"MEDICAL PRACTICE, MD",PATHOLOGY,,0,19560420.0,3301 TALL PINE,CLEMENTON,NJ,8021,1128a1,19940630,20191217,0,
YOUNG,DIANNA,LYNN ,,IND- LIC HC SERV PRO,NURSE/NURSES AIDE,,0,19500706.0,102 MARCH COURT,LUFKIN,TX,75904,1128b4,20190220,20191210,0,
BACON,ROSHELLE,L ,,HOSPITAL,NURSE/NURSES AIDE,,0,19760206.0,"4040E FT LOWELL, #47",TUCSON,AZ,85712,1128b4,20030720,20200121,0,
CHENOWETH,JEFFREY,TODD ,,IND- LIC HC SERV PRO,PHARMACIST,,0,19710513.0,501 HALIA CREST,MOUNT VERNON,IL,62864,1128a4,20131219,20200106,0,
DONOVAN,ROBIN,BAYNES ,,IND- LIC HC SERV PRO,NURSE/NURSES AIDE,,0,19630710.0,1077 FISHERMAN ROAD,WALNUT COVE,NC,27052,1128b4,20180920,20200117,0,
GOE,TOGBA,DANIEL ,,IND- LIC HC SERV PRO,NURSE/NURSES AIDE,,0,19830608.0,"4949 W NORTHERN AVENUE, #222",GLENDALE,AZ,85301,1128b4,20120820,20200117,0,
GOOCH,MARY, ,,IND- LIC HC SERV PRO,NURSE/NURSES AIDE,,0,19851014.0,"308 OLD AIRPORT ROAD, S",PONTOTOC,MS,38863,1128b4,20150319,20200127,0,
HARRIS,ROSEMARY, ,,IND- LIC HC SERV PRO,HEALTH CARE AIDE,,0,19720516.0,3757 HENRY AVENUE,HAMMOND,IN,46327,1128a1,20140619,20200121,0,
MAXIMILIANO,MONICA, ,,DENTAL PRACTICE,EMPLOYEE,,0,19710218.0,146 PEACHY COURT,LAS VEGAS,NV,89183,1128a1,20050420,20200121,0,
MCKINNEY,SARA,LYNN GILLILAN ,,IND- LIC HC SERV PRO,NURSE/NURSES AIDE,,0,19871029.0,6117 EAST 79TH STREET,TULSA,OK,74136,1128b4,20140820,20200106,0,
MCLEAN,KATHLEEN,MARIE ,,IND- LIC HC SERV PRO,NURSE/NURSES AIDE,,0,19610624.0,48397 MCFARLAND ROAD,OAKRIDGE,OR,97463,1128b4,20161020,20200116,0,
PLASENCIA,ZUBIN, ,,DENTAL PRACTICE,OWNER/OPERATOR,,0,19670601.0,2232 W CHANNING ST,WEST COVINA,CA,91790,1128a1,20050420,20200117,0,
PRICE,SANDRA,KAY ,,NURSING PROFESSION,NURSE/NURSES AIDE,,0,19550824.0,"915 20TH AVENUE, UNIT 102",CORALVILLE,IA,52241,1128b4,20031020,20200127,0,
SABNIS,ASHWINI, ,,"PHYSICIAN (MD, DO)",PSYCHIATRY,,1396777009,19730530.0,"5405 TUCKERMAN LANE, APT B-931",ROCKVILLE,MD,20852,1128b5,20161220,20200106,0,
SADEK,HISHAM,S ,,"PHYSICIAN (MD, DO)",PSYCHIATRY,F74520,1619941614,19590629.0,7818 BRAELOCH COURT,ORLAND PARK,IL,60462,1128b4,20161020,20200106,0,
VELASQUEZ,LISA, ,,NURSING PROFESSION,NURSE/NURSES AIDE,,0,19680909.0,"8102 SHELDON ROAD, 1611",TAMPA,FL,33615,1128a4,20080918,20200117,0,
WOOTON,MICHELLE,L ,,IND- LIC HC SERV PRO,NURSE/NURSES AIDE,,0,19781120.0,P O BOX 149338 LORENE LANE,CHAVIES,KY,41727,1128b4,20120920,20200106,0,
ANNAND,MARGARET,GRACE ,,IND- LIC HC SERV PRO,NURSE/NURSES AIDE,,0,19830506.0,121-11 BEAR CREEK LANE,ASHEVILLE,NC,28806,1128b4,20161120,20200206,0,
ARROYO,JUNJEE,L ,,IND- LIC HC SERV PRO,NURSE/NURSES AIDE,,0,19680307.0,511 WEST 2ND STREET,ELMHURST,IL,60126,1128a1,20141218,20200212,0,
ASPINWALL,CHARLES, ,,SKILLED NURSING FAC,NURSE/NURSES AIDE,,0,19460615.0,"33 ROOSEVELT DRIVE, APT 324",DERBY,CT,6418,1128b4,19970703,20200214,0,
BANKS,FREDDIE,ADAMS ,,INDIVIDUAL (UNAFFILI,NO KNOWN AFFILIATION,,0,19610903.0,902 CANTERBURY TRAIL,RICHMOND,IN,47374,1128a1,20141120,20200219,0,
BENNETT-GRANDA,JILL,E ,,IND- LIC HC SERV PRO,NURSE/NURSES AIDE,,0,19750721.0,17 LANE STREET,SEYMOUR,CT,6483,1128b4,20150319,20200206,0,
BOONE,BRENDA, ,,IND- LIC HC SERV PRO,NURSE/NURSES AIDE,,0,19511105.0,605 AUSTIN COVE,OXFORD,MS,38655,1128b4,20140520,20200220,0,
BROWN,VALERIE, ,,DME COMPANY,ADMINISTRATOR,,0,19490509.0,"6699 ADAMS ST, #3",MERRILLVILLE,IN,46410,1128a1,20070520,20200205,0,
BURTON,MEGHAN,E ,,IND- LIC HC SERV PRO,NURSE/NURSES AIDE,,0,19860331.0,1126 PINEWOOD LANE,WATERLOO,IL,62298,1128a3,20141120,20200221,0,
CASI,LAURA,ANN ,,IND- LIC HC SERV PRO,NURSE/NURSES AIDE,,0,19791112.0,"13520 SKYWATCH LANE, UNIT 201",LOUISVILLE,KY,40245,1128b4,20130620,20200220,0,
CHERNIH,SVETLANA, ,,EMPLOYEE - PRIVATE S,HOME HEALTH AGENCY,,0,19721110.0,1248 HERITAGE CIRCLE,FEASTERVILLE TREVOSE,PA,19053,1128a1,20141218,20200206,0,
CHOUDHRY,MUHAMMAD,SALEEM ,,"PHYSICIAN (MD, DO)",PSYCHIATRY,F33417,1841356540,19601107.0,687 ANNE LANE,BOLINGBROOK,IL,60440,1128a3,20140420,20200205,0,
CONWAY,ALLISON,GRACE ,,IND- LIC HC SERV PRO,NURSE/NURSES AIDE,,0,19631224.0,7602 CARLTON ARMS BLVD,WINTER HAVE,FL,33884,1128b4,20160218,20200213,0,
COOK,ARIANNE,LENIECE ,,PRIVATE CIT/ENTITY,HEALTH CARE AIDE,,0,19790603.0,"4803 WALFORD ROAD, #3",WARRESVILLE,OH,44128,1128a3,20081020,20200210,0,
COX,KRISTINA, ,,IND- LIC HC SERV PRO,NURSE/NURSES AIDE,,0,19800830.0,7767 BRADFORD PARK LN,HUDSON,OH,44236,1128b4,20180419,20200214,0,
EDWARDS,JACQUELINE,RENEE ,,HOSPITAL,NURSE/NURSES AIDE,,0,19640324.0,17327 INDIANA STREET,DETROIT,MI,48221,1128a2,20021120,20200221,0,
EDWARDS,MARY,JANE ,,NURSING PROFESSION,NURSE/NURSES AIDE,,0,19711121.0,P O BOX 2956,GRETNA,LA,70054,1128a1,20090120,20200220,0,
FARHA,TODD,S ,,INDIVIDUAL (UNAFFILI,NO KNOWN AFFILIATION,,0,19680525.0,"100 N TAMPA STREET, SUITE 1675",TAMPA,FL,33602,1128a1,20150120,20200221,0,
FIFE,MALLORY, ,,IND- LIC HC SERV PRO,NURSE/NURSES AIDE,,0,19830626.0,185 15TH STREET,FOND DU LAC,WI,54935,1128b4,20150820,20200212,0,
GARDNER,DARRELL, ,,INTER CARE FACILITY,HEALTH CARE AIDE,,0,19810110.0,5273 SW 155TH TERRACE,BEAVERTON,OR,97007,1128a2,20020820,20200206,0,
GIBSON,ANDREA,LYNN ,,IND- LIC HC SERV PRO,HEALTH CARE AIDE,,0,19830824.0,3886 GILROY ROAD,COLUMBUS,OH,43227,1128a1,20140918,20200210,0,
GIBSON,WILLIAM,KNOWLTON ,,DENTAL PRACTICE,DENTIST,,0,19541003.0,"850 CENTRAL AVE, STE 103",NAPLES,FL,34102,1128b4,20040420,20040420,0,
GONZALEZ,YOHANKA, ,,DME COMPANY,OWNER/OPERATOR,,0,19730529.0,1818 W 72ND STREET,HIALEAH,FL,33014,1128a1,19971120,20200214,0,
GRIFFIN,MOLLY, ,,IND- LIC HC SERV PRO,NURSE/NURSES AIDE,,0,19821123.0,"998 OAK RIDGE ROAD, APT C",VICKSBURG,MS,39183,1128b4,20151020,20200206,0,
GUNN,SHANNON,MARIE ,,IND- LIC HC SERV PRO,NURSE/NURSES AIDE,,0,19780913.0,9332 SUN COURT,WEST PALM BEACH,FL,33403,1128b4,20140918,20200219,0,
HARDEN,ELISA,DANIELLE ,,IND- LIC HC SERV PRO,HEALTH CARE AIDE,,0,19880119.0,1024 BERYL TRAILS,DAYTON,OH,45459,1128a1,20141218,20200205,0,
HELVEY,DONNA,F ,,OPTICAL PRACTICE,EMPLOYEE,,0,19530520.0,2202 SABINE RIVER ROAD,GREENVILLE,TX,75401,1128a1,19880404,20200212,0,
HERD,ERIN, ,,COUNSELING CENTER,EMPLOYEE,,0,19761220.0,2584 DEBOLT ROAD,UTICA,OH,43080,1128a1,20021020,20200212,0,
HINOJOSA,RICHARD, ,,NURSING PROFESSION,NURSE/NURSES AIDE,,0,19741122.0,"1902 E TYLER AVENUE, APT 2305",HARLINGEN,TX,78550,1128b4,20020919,20200213,0,
HOLMES,LISA,STIMAGE ,,INDIVIDUAL (UNAFFILI,NO KNOWN AFFILIATION,,0,19690810.0,46148 DURBIN ROAD,HAMMOND,LA,70401,1128a1,20140820,20200214,0,
KHANNA,YASH, ,,"PHYSICIAN (MD, DO)",GENERAL PRACTICE,C53586,1093805012,19411228.0,112 SHREWSBURY DRIVE,LIVINGSTON,NJ,7039,1128a1,20141120,20200206,0,
KINNEAR,STACY,MAE ,,INDIVIDUAL (UNAFFILI,NO KNOWN AFFILIATION,,0,19720707.0,20 SW 9TH STREET,WARRENTON,OR,97146,1128a1,20121018,20200221,0,
LAM,MICHAEL,CHUNG KAY ,,"PHYSICIAN (MD, DO)",INTERNAL MEDICINE,G82551,1184656050,19660219.0,52 SHERWOOD AVENUE,ENGLEWOOD CLIFFS,NJ,7632,1128a4,20141020,20200206,0,
LOCK,KENNETH,CODY II,,BUS OWNER/EXEC,AMBULANCE COMPANY,,0,19881019.0,2821 ROBSON STREET,INDIANAPOLIS,IN,46201,1128a1,20141218,20200219,0,
LYNNE,JENNIFER,ELYSE ,,IND- LIC HC SERV PRO,CHIROPRACTIC,,1508950742,19721020.0,11 HILLDALE COURT,MILFORD,CT,6460,1128a3,20150219,20200219,0,
MACGILL,BETH, ,,IND- LIC HC SERV PRO,HEALTH CARE AIDE,,0,19670430.0,2200 FORT HILL ROAD,PHELPS,NY,14532,1128a1,20131219,20200220,0,
MAKAR,GEORGE,EMILE ,,IND- LIC HC SERV PRO,DENTIST,,1851539464,19690902.0,2045 W ESPLANADE AVE,HEMET,CA,92545,1128b14,20200120,20200224,0,
MANZUR,JUAN,E ,,"MEDICAL PRACTICE, MD",GENERAL PRACTICE,C96308,0,19581217.0,5439 ITHACA AVENUE,LAS VEGAS,NV,89122,1128b14,20040421,20200210,0,
MCCARTY,MATTIE,L ,,HOSPITAL,NURSE/NURSES AIDE,,0,19540212.0,3911 40TH STREET,MERIDIAN,MS,39305,1128b4,19990120,20200206,0,
MCCRACKEN,BRYAN,GENE ,,IND- LIC HC SERV PRO,NURSE/NURSES AIDE,,0,19641008.0,1925 METLOCK LANE,OKLAHOMA CITY,OK,73160,1128b4,20151119,20200219,0,
MURATTA,PAUL,MATTHEW ,,"PHYSICIAN (MD, DO)",GENERAL PRACTICE,,1588783351,19610308.0,1503 SEAGATE LANE,HOUSTON,TX,77062,1128b4,20150120,20200212,0,
ONEILL,JENNIFER,RAE ,,IND- LIC HC SERV PRO,NURSE/NURSES AIDE,,0,19731029.0,"909 HOLMES ROAD, APT K161",SEARCY,AR,72143,1128b4,20161220,20200212,0,
OSBEY,AGAVNIE, ,,NURSING PROFESSION,NURSE/NURSES AIDE,,0,19760924.0,13515 BRAYTON BLVD,GULFPORT,MS,39503,1128b1,20100819,20200313,0,
PARKS,JOSHUA,S ,,IND- LIC HC SERV PRO,NURSE/NURSES AIDE,,0,19710713.0,3381 RUTLEDGE PARK,BLAINE,TN,37709,1128b4,20121220,20200206,0,
PATEL,KAMAL, ,,"PHYSICIAN (MD, DO)",INTERNAL MEDICINE,H12979,1700981917,19690812.0,684 EASTON LANE,ELK GROVE VILLAGE,IL,60007,1128a1,20141218,20200210,0,
PEMBERTON,JULIE,DIANE ,,NURSING PROFESSION,NURSE/NURSES AIDE,,0,19790306.0,1856 S COVEY LANE,BLOOMINGTON,IN,47401,1128b4,20091220,20200213,0,
PHILLIPS,JEFFREY,LAWRENCE ,,"PHYSICIAN (MD, DO)",NEUROLOGY,,1841362647,19570306.0,"367 DEL NORTE AVE, SUITE 4",YUBA CITY,CA,95991,1128b14,20191120,20200206,0,
PRIETO,NOEMI,A ,,"PHYSICIAN (MD, DO)",PEDIATRICS,,1013147222,19520424.0,"P O BOX 14500 , #11109-089",LEXINGTON,KY,40512,1128a1,20130820,20200205,0,
QAMAR,ASAD,ULLAH ,,"PHYSICIAN (MD, DO)",INTERNAL MEDICINE,,1033145487,19640120.0,3275 NW 85TH TERRACE,OCALA,FL,34482,1128b7,20170201,20200205,0,
RAHMAN,SYED, ,,IND- LIC HC SERV PRO,PHARMACIST,,1710021118,19501030.0,53 HICKORY ROAD,BRIARCLIFF MANOR,NY,10510,1128a1,20141120,20200206,0,
ROACH,MICHELLE,ANNE ,,IND- LIC HC SERV PRO,NURSE/NURSES AIDE,,0,19590411.0,131 E 700 SOUTH,SALT LAKE CITY,UT,84111,1128b4,20190320,20200214,0,
ROBINSON,CALVIN,ARNELLE ,,EMPLOYEE - PRIVATE S,HOSPITAL,,0,19850430.0,1601-J7 CUYLER BEST ROAD,GOLDSBORO,NC,27530,1128a2,20140918,20200212,0,
ROBINSON,MARIAH, ,,IND- LIC HC SERV PRO,NURSE/NURSES AIDE,,0,19930530.0,81 WEST CLEVELAND DRIVE,BUFFALO,NY,14215,1128a2,20150219,20200219,0,
RUNNER,ROCHELLE,LEIGH ,,LAW PRACTICE,NURSE/NURSES AIDE,,0,19750202.0,"12655 E COUNTY ROAD, N",LENNA,IL,62440,1128b4,20010920,20200205,0,
SADEGHI,MAHYAR, ,,DENTAL PRACTICE,DENTIST,,0,19611021.0,"BOX 72240, CAPITOL PLAZA TOWER",ABU DHABI,XX,0,1128b14,20001120,20200206,0,
SAFFORD,WILLIAM,D ,,NURSING PROFESSION,NURSE/NURSES AIDE,,0,19510604.0,4090 N KATY AVENUE,FRESNO,CA,93722,1128b4,19920908,20200204,0,
SAIN,DANA,TROUTMAN ,,IND- LIC HC SERV PRO,NURSE PRACTITIONER (,,0,19830301.0,559 HICKS CREEK ROAD,TROUTMAN,NC,28166,1128b4,20181220,20200213,0,
SCHICK,CARLA,ELAINE ,,IND- LIC HC SERV PRO,NURSE/NURSES AIDE,,0,19710817.0,1626 S SYCAMORE COURT,BLOOMINGTON,IN,47401,1128a4,20150219,20200219,0,
SINGH,RAJPAUL, ,,"PHYSICIAN (MD, DO)",GENERAL PRACTICE,G89597,1841218799,19550922.0,19503 HILLSIDE AVENUE,HOLLIS,NY,11423,1128a3,20150219,20200224,0,
SOSONKIN,YEFIM,ISSAC ,,"MEDICAL PRACTICE, MD",INTERNAL MEDICINE,G70909,1598844433,19590106.0,"2935 W 5TH STREET, APT 18H",BROOKLYN,NY,11224,1128a3,20071018,20200206,0,
TANEFF,JOHN,C ,,IND- LIC HC SERV PRO,DENTIST,,1144349440,19651111.0,2277 WILLIAM STREET,BUFFALO,NY,14206,1128a1,20150219,20200219,0,
TESCH,AARON,A ,,NURSING PROFESSION,NURSE/NURSES AIDE,,0,19770702.0,17797 140TH AVENUE,BARRETT,MN,56311,1128b4,20051220,20200205,0,
THOMAS,LAKETIA, ,,EMPLOYEE - PRIVATE S,PERSONAL CARE PROVID,,0,19890902.0,329 ST LOUIS STREET,RACELAND,LA,70394,1128a1,20141218,20200220,0,
UMPHRES,MELISSIA,SHERENE ,,IND- LIC HC SERV PRO,NURSE/NURSES AIDE,,0,19661012.0,209 RAVEN STREET,ZAPATA,TX,78076,1128b4,20190520,20200210,0,
VELASCO,NELIDA,IRIS ,,INDIVIDUAL (UNAFFILI,NO KNOWN AFFILIATION,,0,19750218.0,1028 PENNFIELD,CLEVELAND,OH,44121,1128a3,20130820,20200219,0,
WEIGANT,JULIA, ,,IND- LIC HC SERV PRO,NURSE/NURSES AIDE,,0,19830606.0,116 E 14TH STREET,PAWHUSKA,OK,74056,1128b4,20150120,20200213,0,
WISE,HARRY,MICHAEL ,,CHIROPRACTIC PRACT,CHIROPRACTIC,U51129,1760562649,19551027.0,6995 S KENDALL BOULEVARD,LITTLETON,CO,80128,1128b14,20090130,20200204,0,
WOODSON,BASSEY,JUSTICE ,,INDIVIDUAL (UNAFFILI,NO KNOWN AFFILIATION,,0,19621004.0,139 DEWEY STREET,NEWARK,NJ,7112,1128a1,20130718,20200207,0,
